;
;
;
;
;
Л-Авр-07076-142ОЗ;4623722375636
Л-Авр-07076-146ОС;4623722375643
Л-Авр-07082-142ОЗ;4623722375650
Л-Авр-07082-146ОС;4623722375667
Л-Авр-08088-142ПрЗ;4623722375674
Л-Авр-08088-146ПрЗ;4623722375681
Л-Авр-08075-142ПрЗ;4623722375698
Л-Авр-08075-146ПрС;4623722375704
Л-Авр-08075-142ПрЗ;4623722375711
Л-Авр-09075-146ПрС;4623722375728
;
;
Л-Бол03075-235;4623721293764
Л-Бол03090-235;4623721293771
Л-Бос03080-235;4623721294242
Л-Бри03075-235;4623721293788
Л-Бри03090-235;4623721293795
Л-Кан03075-315;4623721293801
Л-Кан03090-315;4623721293818
Л-Лео04075-235Л;4623721293825
Л-Лео04075-235П;4623721293832
Л-Лео04090-235Л;4623721293849
Л-Лео04090-235П;4623721293856
Л-Млт04075-235Л;4623721293863
Л-Млт04075-235П;4623721293870
Л-Млт04090-235Л;4623721293887
Л-Млт04090-235П;4623721293894
Л-Млт04105-235;4623721293900
Л-Мрк03075-505;4623721293917
Л-Мрк03090-505;4623721293924
Л-Миш03075-515;4623721293931
Л-Миш03090-515;4623721293948
;
;
;
Л-Бол05035-235Л;4623721293955
Л-Бол05035-235П;4623721293962
;
;
Л-Бри05035-235Л;4623721293979
Л-Бри05035-235П;4623721293986
;
;
Л-Кан05035-315Л;4623721293993
Л-Кан05035-315П;4623721294006
;
;
Л-Лео05035-235Л;4623721294013
Л-Лео05035-235П;4623721294020
;
;
;
Л-Млт05035-235Л;4623721294037
Л-Млт05035-235П;4623721294044
;
;
Л-Мрк05035-505Л;4623721294051
Л-Мрк05035-505П;4623721294068
;
;
Л-Миш05035-515Л;4623721294075
Л-Миш05035-515П;4623721294082
;
Л-Бол01075-2353Я;4623721294099
Л-Бол01090-2353Я;4623721294105
Л-Бри01075-2353Я;4623721294112
Л-Бри01090-2353Я;4623721294129
Л-Кан01075-3153Я;4623721294136
Л-Кан01090-3153Я;4623721294143
Л-Лео01075-2353Я;4623721294150
Л-Лео01090-2353Я;4623721294167
Л-Млт01075-2353Я;4623721294174
Л-Млт01090-2353Я;4623721294181
Л-Млт01105-2353Я;4623721294198
Л-Мрк01075-5053Я;4623721294204
Л-Мрк01090-5053Я;4623721294211
Л-Миш01075-5153Я;4623721294228
Л-Миш01090-5153Я;4623721294235
;
;
Л-Грл02060-239Кс;4623721294266
Л-Грл02060-239Кр;4623721294273
Л-Грл02060-109Кр;4623721294280
Л-Грл02060-169Фл;4623721294297
Л-Грл02060-049Кр;4623721294303
Л-Грл02060-249Кс;4623721294310
Л-Грл02060-249Кр;4623721294327
Л-Грл02070-239Кс;4623721294334
Л-Грл02070-239Кр;4623721294341
Л-Грл02070-109Кр;4623721294358
Л-Грл02070-169Фл;4623721294365
Л-Грл02070-049Кр;4623721294372
Л-Грл02070-249Кс;4623721294389
Л-Грл02070-249Кр;4623721294396
Л-Грл02080-249Кс;4623721294402
Л-Грл02080-239Кс;4623721294419
Л-Грл02080-239Кр;4623721294426
Л-Грл02080-109Кр;4623721294433
Л-Грл02080-169Фл;4623721294440
Л-Грл02080-049Кр;4623721294457
Л-Грл02080-249Кр;4623721294464
;
;
;
;
;
;
;
;
;
;
;
;
;
;
;
;
;
;
;
;
;
;
;
;
;
;
;
;
;
;
;
;
;
;
Л-Грл05035-239КсЛ;4623721294495
Л-Грл05035-239КрЛ;4623721294501
Л-Грл05035-169ФлЛ;4623721294518
Л-Грл05035-049КрЛ;4623721294525
Л-Грл05035-249КрЛ;4623721294532
Л-Грл05035-249КсЛ;4623721294549
Л-Грл05035-239КсП;4623721294556
Л-Грл05035-169ФлП;4623721294563
Л-Грл05035-049КрП;4623721294570
Л-Грл05035-249КрП;4623721294587
Л-Грл05035-239КрП;4623721294594
Л-Грл05035-249КсП;4623721294600
;
Л-Бос00980-27102Я;4623721294631
;4623721294648
Л-Грл01060-2392ЯКр;4623721294655
Л-Грл01060-1092ЯКр;4623721294662
Л-Грл01060-1692ЯФл;4623721294679
Л-Грл01060-0492ЯКр;4623721294686
Л-Грл01060-2492ЯКс;4623721294693
Л-Грл01060-2492ЯКр;4623721294716
Л-Грл01060-2392ЯКс;4623721294709
Л-Грл01060-239П2ЯКс;4623721294747
Л-Грл01060-169П2ЯФл;4623721294730
Л-Грл01060-249П2ЯКс;4623721536786
Л-Грл01060-249П2ЯКр;4623721294754
Л-Грл01060-239ПрКс;4623721294761
Л-Грл01060-239ПрКр;4623721294778
Л-Грл01060-169ПрФл;4623721294785
Л-Грл01060-249ПрКс;4623721294792
Л-Грл01060-249ПрКр;4623721294808
Л-Грл01070-109П2ЯКр;4623721294815
Л-Грл01070-239П2ЯКр;4623721294822
Л-Грл01070-1692ЯФл;4623721294846
Л-Грл01070-2492ЯКс;4623721294853
Л-Грл01070-2492ЯКр;4623721294860
Л-Грл01070-2392ЯКс;4623721294877
Л-Грл01070-2392ЯКр;4623721294884
Л-Грл01070-1092ЯКр;4623721294891
Л-Грл01070-0492ЯКр;4623721294907
Л-Грл01080-169П2ЯФл;4623721294914
Л-Грл01080-239П2ЯКр;4623721294921
Л-Грл01080-1092ЯКр;4623721294938
Л-Грл01080-0492ЯКр;4623721294945
Л-Грл01080-2492ЯКс;4623721294952
Л-Грл01080-2392ЯКс;4623721294969
Л-Грл01080-2392ЯКр;4623721294976
Л-Грл01080-249П2ЯКр;4623721294983
Л-Грл01080-109П2ЯКр;4623721294990
Л-Грл01080-1692ЯФл;4623721295003
Л-Грл01080-049П2ЯКр;4623721295010
;
;
Л-Пра02075-103;4623721303036
Л-Пра02075-073;4623721303043
Л-Пра02090-013;4623721303050
Л-Пра02090-103;4623721303067
;4623722076304
Л-Пра02090-073;4623721303074
Л-Пра02105-103;4623721303081
Л-Пра02105-073;4623721303098
Л-Пра02120-103;4623721303104
Л-Пра02120-073;4623721303111
Л-Вен02075-103;4623721303128
Л-Вен02075-073;4623721303135
Л-Вен02090-013;4623721303142
Л-Вен02090-103;4623721303159
Л-Вен02090-073;4623721303166
Л-Вен02105-103;4623721303173
Л-Вен02105-073;4623721303180
Л-Вен02120-103;4623721303197
Л-Вен02120-073;4623721303203
;
;
;
;
;
;
;
;
;
;
;
;
Л-Пра05035-0132ЯЛ;4623721303210
Л-Пра05035-1032ЯЛ;4623721303227
Л-Пра05035-0732ЯЛ;4623721303234
Л-Пра05035-0132ЯП;4623721303241
Л-Пра05035-1032ЯП;4623721303258
Л-Пра05035-0732ЯП;4623721303265
;
;
;
;
;
;
;
;
;
Л-Вен05035-0132ЯЛ;4623721303289
Л-Вен05035-1032ЯЛ;4623721303296
Л-Вен05035-0732ЯЛ;4623721303302
Л-Вен05035-0132ЯП;4623721303319
Л-Вен05035-1032ЯП;4623721303326
Л-Вен05035-0732ЯП;4623721303333
;
Л-Пра01075-1033Я;4623721303340
Л-Пра01075-0733Я;4623721303357
;4623722076298
Л-Пра01090-0133Я;4623721303364
Л-Пра01090-1033Я;4623721303371
Л-Пра01090-0733Я;4623721303388
Л-Пра01105-0133Я;4623721497292
Л-Пра01105-1033Я;4623721303395
Л-Пра01105-0733Я;4623721303401
Л-Пра01120-103Пр;4623721303418
Л-Пра01120-073Пр;4623721303425
;4623721389092
Л-Вен01075-1033Я;4623721303432
Л-Вен01075-0733Я;4623721303449
Л-Вен01090-0133Я;4623721303456
Л-Вен01090-1033Я;4623721303463
Л-Вен01090-0733Я;4623721303470
Л-Вен01105-1033Я;4623721303487
Л-Вен01105-0733Я;4623721303494
Л-Вен01120-103Пр;4623721303500
Л-Вен01120-073Пр;4623721303517
;
;
Л-Чар02100-011Св;4623721303524
Л-Чар02100-021Св;4623721303531
Л-Вал03100-011;4623721303548
Л-Вал02080-011Св;4623721303555
Л-Анж02100-541Св;4623721303562
Л-Анж02100-381Св;4623721303579
Л-Анж02100-401Св;4623721303586
Л-Анж02100-391Св;4623721303593
Л-Анж02100-411Св;4623721303609
Л-Анж02100-421Св;4623721303616
Л-Анж02080-381Св;4623721303623
;
;
;
Л-Чар05040-011Л;4623721303654
Л-Чар05040-021Л;4623721303661
Л-Чар05040-011П;4623721303678
Л-Чар05040-021П;4623721303685
;
;
;
;
;
;
;
;
;
;
;
Л-Анж05040-541Л;4623721303746
Л-Анж05040-381Л;4623721303753
Л-Анж05040-391Л;4623721303760
;4623721303777
Л-Анж05040-411Л;4623721303784
Л-Анж05040-421Л;4623721303791
Л-Анж05040-541П;4623721303807
Л-Анж05040-381П;4623721303814
Л-Анж05040-391П;4623721303821
Л-Анж05040-411П;4623721303838
Л-Анж05040-421П;4623721303852
;
Л-Чар01100-0112Я;4623721303869
Л-Чар01100-0212Я;4623721303876
Л-Вал01100-0112Я;4623721303883
Л-Вал01100-011П2Я;4623721303890
Л-Вал01100-021П2Я;4623721303906
Л-Вал01080-0112Я;4623721303913
Л-Вал01080-011П2Я;4623721303920
Л-Анж01100-5412Я;4623721303937
Л-Анж01100-3812Я;4623721303944
Л-Анж01100-3912Я;4623721303951
Л-Анж01100-4112Я;4623721303968
Л-Анж01100-4212Я;4623721303975
Л-Анж01080-3812Я;4623721303982
;4623721303999
Л-Анж01080-3912Я;4623721603785
;
;
Л-Афи03080-033;4623721304019
Л-Афи03090-033;4623721304026
Л-Афи04100-033;4623721304040
;4623722214614
Л-Афи04120-033;4623721304057
Л-Бар02080-033;4623721304064
Л-Бар02080-013;4623721304071
Л-Бар02100-033;4623721304088
Л-Бар02100-013;4623721304095
Л-Бар02120-033;4623721304101
Л-Бар02120-013;4623721304118
Л-Беа02080-033;4623721304132
Л-Беа02100-033;4623721304149
Л-Беа02120-033;4623721304156
Л-Мел03130-033;4623721304163
Л-Мел03130-0118;4623721304170
Л-Фло02100-031;4623721304187
Л-Фло02100-011;4623721304194
Л-Фло02100-141;4623721304200
Л-Фло02100-021;4623721304217
Л-Чик02080-011Св;4623721603150
Л-Чик02100-251Св;4623722076328
Л-Чик02100-241Св;4623721496738
;
Л-Афи05060-0332Я;4623721304224
Л-Афи05060-0132Я;4623722214607
;
;
;
;
Л-Бар05060-033Л;4623721304248
Л-Бар05060-013Л;4623721304255
Л-Бар05060-033П;4623721304262
Л-Бар05060-013П;4623721304279
;
;
;
;
;
;
;
;
Л-Беа05050-033Л;4623721196652
Л-Беа05060-033Л;4623721304293
Л-Беа05060-033П;4623721304309
;
;
;
;
;
;
;
;
Л-Фло05035-461Л;4623721304330
Л-Фло05035-461П;4623721304347
Л-Фло05035-231Л;4623721304354
Л-Фло05035-231П;4623721304361
;
;
;
;
;
Л-Афи01080-033Пр;4623721304378
Л-Афи01090-033Пр;4623721304385
Л-Афи01100-033Пр;4623721304392
Л-Афи01120-0333Я;4623721304408
;4623722214621
Л-Бар01080-033Пр;4623721304415
Л-Бар01080-013Пр;4623721304422
Л-Бар01100-033Пр;4623721304439
Л-Бар01100-013Пр;4623721304446
Л-Бар01120-033Пр;4623721304453
Л-Бар01120-013Пр;4623721304460
Л-Бар01120-0333Я;4623721304477
;4623721389184
Л-Бар01120-0133Я;4623721304484
Л-Беа01080-033Пр;4623721304491
Л-Беа01100-033Пр;4623721304507
Л-Беа01120-033;4623721304514
Л-Мел01130-01182Я;4623721304521
Л-Мел01130-0338Я;4623721304538
Л-Мел01130-01188Я;4623721304545
Л-Фло01100-461;4623721304569
Л-Фло01100-231;4623721304576
;4623722075680
Л-Чик01080-0113Я;4623721603143
Л-Чик01100-2513Я;4623722076311
Л-Чик01100-2413Я;4623721496721
;
;
Л-Фре03075-0117;4623721304583
Л-Фре03075-0317;4623721304590
Л-Фре03075-0417;4623721304606
Л-Фре03075-0217;4623721304613
Л-Фре03090-0117;4623721304620
Л-Фре03090-0317;4623721304637
Л-Фре03090-0417;4623721304644
Л-Фре03090-0217;4623721304651
Л-Фре03105-0117;4623721304668
Л-Фре03105-0217;4623721304682
Л-Фре03120-0117;4623721304699
Л-Фре03120-0217;4623721304705
;
;
;
;
;
;
;
;
;
;
;
;
;
Л-Фре05035-01172ЯЛ;4623721304712
Л-Фре05035-04172ЯЛ;4623721304729
Л-Фре05035-02172ЯЛ;4623721304736
Л-Фре05035-01172ЯП;4623721304743
;4623721304750
;4623721304767
Л-Фре05035-04172ЯП;4623721304774
Л-Фре05035-02172ЯП;4623721304781
;
Л-Фре01075-01173Я;4623721304798
;4623721304804
Л-Фре01075-04173Я;4623721304811
Л-Фре01075-02173Я;4623721304828
Л-Фре01090-01173Я;4623721304835
;4623721304842
Л-Фре01090-04173Я;4623721304859
Л-Фре01090-02173Я;4623721304866
Л-Фре01105-01173Я;4623721304873
Л-Фре01105-02173Я;4623721304880
Л-Фре01120-0117Пр;4623721304897
Л-Фре01120-0217Пр;4623721304903
;
;
;4623721305016
;4623721305191
;4623721305245
;4623721294488
;
;
;
;4623721305894
;
;
Л-Бел02075-0216;4623721304989
Л-Бел02090-0216;4623721304996
Л-Бел02105-0216;4623721305009
Л-Мил02070-033;4623721305023
Л-Мил02070-013;4623721305030
Л-Мил02080-033;4623721305047
Л-Мил02080-013;4623721305054
Л-Мил02090-033;4623721305061
Л-Мил02090-013;4623721305078
Л-Мил02100-013;4623721305085
Л-Мил02120-013;4623721817236
Л-Олл02060-033УгЛ;4623721305092
Л-Олл02060-023УгЛ;4623721305108
Л-Олл02060-033УгП;4623721305115
Л-Олл02060-023УгП;4623721305122
Л-Олл04075-033СвЛ;4623721305139
Л-Олл04075-033СвП;4623721305146
Л-Олл04090-033СвЛ;4623721305153
Л-Олл04090-033СвП;4623721305160
Л-Олл04105-033Св;4623721305177
Л-Олл04120-033Св;4623721305184
Л-Ром02075-033Св;4623721305252
Л-Ром02075-473Св;4623721305269
Л-Ром02090-033Св;4623721305283
Л-Ром02090-473Св;4623721305290
Л-Ром02105-033Св;4623721305306
Л-Ром02105-473Св;4623721305313
Л-Ром02120-033Св;4623721305320
Л-Ром02120-473Св;4623721305337
Л-Внц03075-023;4623721305344
Л-Внц03075-553;4623721305351
Л-Внц03090-023;4623721305368
Л-Внц03090-553;4623721305375
Л-Внц03105-023;4623721305382
Л-Внц03120-023;4623721305399
Л-Внц03120-553;4623721305405
Л-Баб04075-033СвЛ;4623721305412
Л-Баб04075-033СвП;4623721305429
Л-Баб04090-033СвЛ;4623721305436
Л-Баб04090-033СвП;4623721305443
Л-Баб04105-033Св;4623721305450
Л-Баб04120-033Св;4623721305467
;
Л-Бел05035-0216К2ЯЛ;4623721305474
Л-Бел05035-0216К2ЯП;4623721305481
;
;
;
Л-Мил05035-033К2ЯЛ;4623721305511
Л-Мил05035-013К2ЯЛ;4623721305528
Л-Мил05035-013К2ЯП;4623721305535
;
;
;
;
;
;
;
;
;
;
;
;
;
Л-Олл05035-0332ЯЛ;4623721305559
Л-Олл05035-0332ЯП;4623721305566
Л-Олл05040-0332ЯП;4623721305573
Л-Олл05040-0332ЯЛ;4623721305580
;
;
;
;
;
;
;
;
;
Л-Ром05035-0332ЯЛ;4623721305610
Л-Ром05035-4732ЯЛ;4623721305627
Л-Ром05035-0332ЯП;4623721305634
;4623721305641
Л-Ром05035-4732ЯП;4623721305658
;
;
;
;
;
;
Л-Внц05040-0232ЯЛ;4623721305665
Л-Внц05040-5532ЯЛ;4623721305672
Л-Внц05040-0232ЯП;4623721305689
Л-Внц05040-5532ЯП;4623721305696
Л-Баб05035-033Л;4623721305702
Л-Баб05035-033П;4623721305719
;
;
;
;
;
Л-Бел01075-02163Я;4623721305726
Л-Бел01090-02163Я;4623721305733
Л-Бел01105-02163Я;4623721305740
Л-Мил01070-033Пр;4623721305764
Л-Мил01070-013Пр;4623721305771
Л-Мил01080-0334Я;4623721305788
Л-Мил01080-0134Я;4623721305795
Л-Мил01090-0334Я;4623721305801
Л-Мил01090-0134Я;4623721305818
Л-Мил01100-0134Я;4623721534669
Л-Мил01120-0134Я;4623721496714
Л-Олл01060-033Уг;4623721305832
Л-Олл01060-023Уг;4623721305849
Л-Олл01075-033Пр;4623721305856
Л-Олл01090-033Пр;4623721305863
Л-Олл01105-033Пр;4623721305870
Л-Олл01105-033Пр;4623721305887
Л-Ром01075-0334Я;4623721305948
Л-Ром01075-4734Я;4623721305955
Л-Ром01090-0334Я;4623721305962
Л-Ром01090-4734Я;4623721305986
Л-Ром01105-0334Я;4623721305993
Л-Ром01105-4734Я;4623721306006
Л-Ром01120-033Пр;4623721306013
Л-Ром01120-4734Я2Р;4623721306020
Л-Ром01120-0334Я2Р;4623721389337
Л-Внц01075-0233Я;4623721306037
Л-Внц01075-5533Я;4623721306044
Л-Внц01090-0234Я;4623721306051
Л-Внц01090-5534Я;4623721306068
Л-Внц01105-0234Я;4623721306075
Л-Внц01120-5534Я;4623721306082
Л-Внц01120-023Пр;4623721306099
Л-Баб01075-033Пр;4623721306105
Л-Баб01075-033Пр;4623721306112
Л-Баб01105-033Пр;4623721306129
Л-Баб01120-033Пр;4623721306143
;
;
Л-Кит03050-01;4623721629556
Л-Кит03050-02;4623721629563
Л-Кит03050-13;4623721629570
Л-Кит03060-01;4623721629587
Л-Кит03060-02;4623721629594
Л-Кит03060-13;4623721629600
Л-Атл03107-01Св;
Л-Атл03107-15Св;
Л-Атл03107-01;4623721629617
Л-Атл03107-04;4623721629624
Л-Атл03107-04Св;
Л-Атл03107-15;4623721629631
Л-Ток04070-Св;4623721629549
;
Л-Кит05030-02ПоЛ;4623721629648
Л-Кит05030-02ПоП;4623721629655
;
;
;
;
;
;
Л-Атл08026-01Л;4623721629662
Л-Атл08026-04Л;4623721629679
Л-Атл08026-15Л;4623721629686
Л-Атл08026-01П;4623721629693
Л-Атл08026-04П;4623721629709
Л-Атл08026-15П;4623721629716
Л-Атл05030-01ПоЛ;4623721629723
Л-Атл05030-04ПоЛ;4623721629730
Л-Атл05030-15ПоЛ;4623721629747
Л-Атл05030-01ПоП;4623721629754
Л-Атл05030-04ПоП;4623721629761
Л-Атл05030-15ПоП;4623721629778
;
;
;
;
;
;
Л-Атл10130-01По;
Л-Атл10130-04По;
Л-Атл10130-15По;
Л-Кор05030-01ПоЛ;4623721629785
Л-Кор05030-04ПоЛ;4623721667435
Л-Кор05030-02ПоЛ;4623721629792
Л-Кор05030-11ПоЛ;4623721667411
;
Л-Кор05030-16ПоЛ;4623721665134
Л-Кор05030-01ПоП;4623721629808
Л-Кор05030-04ПоП;4623721667442
Л-Кор05030-02ПоП;4623721629815
Л-Кор05030-11ПоП;4623721667428
Л-Кор05030-16ПоП;4623721665141
;
;
;
;
;
Л-Ток05030-02Л;4623721665110
Л-Ток05030-02П;4623721665127
;
;
;
;
;
;
Л-Кит01050-01П2Я;4623721629822
Л-Кит01050-02П2Я;4623721629839
Л-Кит01050-13П2Я;4623721629846
Л-Кит01060-01П2Я;4623721629853
Л-Кит01060-02П2Я;4623721629860
Л-Кит01060-13П2Я;4623721629877
Л-Атл09038-01П2Я;4623721629884
Л-Атл09038-04П2Я;4623721629891
Л-Атл09038-15П2Я;4623721629907
Л-Атл01060-15ПрПо;4623721629914
Л-Атл01060-01ПрПо;4623721629921
Л-Атл01060-04ПрПо;4623721629938
Л-Кор01070-01П1Я;4623721629945
Л-Кор01070-16П1Я;4623721665158
Л-Кор01070-04П1Я;4623721629952
Л-Кор01070-02П1Я;4623721629969
Л-Кор01070-11П1Я;4623721629976
Л-Ток01070-01Пко;4623721628856
Л-Ток01070-14Пко;4623721628863
Л-Ток01070-04Пко;4623721628870
Л-Ток01070-02Пко;4623721628887
Л-Ток01070-16Пко;4623721717826
;
;
Л-Мнк02070-033Л;4623721306150
Л-Мнк02070-013Л;4623721306167
Л-Мнк02070-033П;4623721306174
Л-Мнк02070-013П;4623721306181
Л-Мнк02080-033Л;4623721306198
Л-Мнк02080-013Л;4623721306204
Л-Мнк02080-033П;4623721306211
Л-Мнк02080-013П;4623721306228
Л-Мнк02090-033Л;4623721306235
Л-Мнк02090-013Л;4623721306242
Л-Мнк02090-033П;4623721306259
Л-Мнк02090-013П;4623721306266
Л-Мнк04100-033П;4623721306273
Л-Мнк04100-013Л;4623721306280
Л-Мнк04120-033П;4623721496745
Л-Мнк04120-013Л;4623721496752
Л-Ниц02070-013;4623721306297
Л-Ниц02070-093;4623721306303
Л-Ниц02080-033;4623721373084
Л-Ниц02080-013;4623721306310
Л-Ниц02080-093;4623721306327
Л-Ниц02090-033;4623721306334
Л-Ниц02090-013;4623721306341
Л-Ниц02090-093;4623721306358
Л-Ниц02100-013;4623721306365
Л-Ниц02100-093;4623721306372
Л-Ниц02120-013;4623721817250
Л-Эли02080-033;4623721306389
Л-Эли02080-013;4623721306396
Л-Эли02090-033;4623721306402
Л-Эли02090-013;4623721306419
Л-Эли02100-033;4623721306426
Л-Эли02100-013;4623721306433
Л-Эли02120-033;4623721306440
Л-Эли02120-013;4623721306457
;
Л-Мнк05050-0332Я;4623721306464
Л-Мнк05050-0132Я;4623721306471
;
;
;
;
;
;
;
;
;
;
Л-Ниц05040-033Л;4623721306488
Л-Ниц05040-013Л;4623721306495
Л-Ниц05040-093Л;4623721306501
Л-Ниц05040-033П;4623721306525
Л-Ниц05040-013П;4623721306532
Л-Ниц05040-093П;4623721306549
;
;
;
;
;
;
;
;
Л-Эли05040-0332ЯЛ;4623721306563
Л-Эли05040-0132ЯЛ;4623721306570
Л-Эли05040-0332ЯП;4623721306587
Л-Эли05040-0132ЯП;4623721306594
;
;
;
;
;
;
;
;
;
Л-Мнк01070-033Пр;4623721306600
Л-Мнк01070-013Пр;4623721306617
Л-Мнк01080-0334Я;4623721306624
Л-Мнк01080-0134Я;4623721306631
Л-Мнк01090-0334Я;4623721306648
Л-Мнк01090-0134Я;4623721306655
Л-Мнк01100-0334Я;4623721306662
Л-Мнк01100-0134Я;4623721306679
Л-Мнк01120-0334Я;4623721497254
Л-Мнк01120-0134Я;4623721497261
Л-Ниц01070-013Пр;4623721306686
Л-Ниц01070-093Пр;4623721306693
;4623721306709
Л-Ниц01080-0133Я;4623721306716
;4623721306723
Л-Ниц01090-0133Я;4623721306730
Л-Ниц01090-0933Я;4623721306747
Л-Ниц01100-013;4623721306754
Л-Ниц01100-093;4623721306761
Л-Ниц01120-013Пр;4623721497278
Л-Эли01080-033Пр;4623721306778
Л-Эли01080-013Пр;4623721306785
Л-Эли01090-033Пр;4623721306792
Л-Эли01090-013Пр;4623721306808
Л-Эли01100-033Пр;4623721306815
Л-Эли01100-013Пр;4623721306822
Л-Эли01120-0333Я;4623721306839
Л-Эли01120-0133Я;4623721306846
;
;
Л-Бья02100-381;4623721306853
Л-Бья02100-391;4623721306860
Л-Бья02120-381;4623721952388
Л-Бья02120-391;4623722214638
Л-Бья02080-381;4623721306877
Л-Бья02080-391;4623721306884
Л-Бья02090-381;4623721306891
Л-Бья02090-391;4623721306907
Л-Бог02100-163;4623721306914
Л-Тиф02100-381;4623721306921
Л-Тиф02100-391;4623721306938
Л-Асг02105-3818Св;4623721306945
Л-Асг02105-3918Св;4623721306952
;4623721306969
Л-Асг02120-3818Св;4623721306976
Л-Асг02120-3819Св;4623721306983
Л-Асг02120-3918Св;4623721306990
;4623721624100
Л-Ман02105-3818Св;4623721307003
Л-Ман02105-3918Св;4623721307010
Л-Ман02120-3818Св;4623721307027
Л-Ман02120-3918Св;4623721307034
Л-Ман02120-5618Св;4623721307041
Л-Раф02100-391;4623721817267
;
;
;
;
;
;
Л-Бья05040-381Л;4623721307065
Л-Бья05040-381П;4623721307072
Л-Бья05040-391П;4623721307089
Л-Бья05040-391Л;4623721307096
;
;
;
;
Л-Тиф05050-381Л;4623721307119
Л-Тиф05050-381П;4623721307126
Л-Тиф05050-391Л;4623721307133
Л-Тиф05050-391П;4623721307140
;
;
;
;
;
;
Л-Асг05060-3818;4623721307157
Л-Асг05060-3819;4623721307164
Л-Асг05060-3918;4623721307171
Л-Асг05060-0218;4623721307188
Л-Ман05060-3818Л;4623721307195
Л-Ман05060-3918Л;4623721307218
Л-Ман05060-5618Л;4623721307225
Л-Ман05060-3818П;4623721307232
Л-Ман05060-3918П;4623721307249
;
;
;
;
;
;
;
;
Л-Бья01080-3812Я;4623721307294
Л-Бья01080-3912Я;4623721307300
Л-Бья01090-3812Я;4623721307317
Л-Бья01090-3912Я;4623721307324
Л-Бья01100-3812Я;4623721307270
Л-Бья01100-3912Я;4623721307287
Л-Бья01120-3912Я;4623721389351
Л-Бог01100-5792Я;4623721307331
Л-Тиф01100-381;4623721307348
Л-Тиф01100-391;4623721307355
Л-Тиф01100-3813Я;4623721307362
Л-Асг01105-3818Пр;4623721307379
Л-Асг01105-3918Пр;4623721307386
Л-Асг01120-3818Пр;4623721307393
Л-Асг01120-3819Пр;4623721307409
Л-Асг01120-3918Пр;4623721307416
Л-Асг01120-0218Пр;4623721307423
Л-Ман01105-3818Пр;4623721307430
Л-Ман01105-3918Пр;4623721307447
Л-Ман01105-5618Пр;4623722214591
Л-Ман01120-3818Пр;4623721307454
Л-Ман01120-3819Пр;4623721307461
Л-Ман01120-3918Пр;4623721307478
Л-Ман01120-5618Пр;4623721307485
Л-Раф01100-3912Я;4623721817274
;
;
;
;
;
;
;
;
;
;
;
;
;2000768469444
;2000768492893
;2000768476251
;2000768495955
;2000768469505
;
;2000768473991
;2000768482986
;2000768486700
;
;2000768471638
;2000768474356
;2000768479351
;2000768482122
;
;
;
;
;
;
;
;
;
Л-Джк01060-0310П2Я;4623721295195
Л-Джк01065-5310П2Я;4623721295232
Л-Джк01075-0310П2Я;4623722062635
;4623722364807
Л-Джк01105-5310П2Я;4623721295379
;
Л-Джк01065-0310ПК2Я;4623721295447
Л-Джк01075-0310ПК2Я;4623721295591
Л-Джк01090-0310ПК2Я;4623721295744
Л-Джк01105-5210ПК2Я;4623721295881
;
Л-Джк01060-0310Пр;4623721295911
Л-Джк01065-0310Пр;4623721295997
Л-Джк01075-0310Пр;4623721296130
Л-Джк01090-0310Пр;4623721296253
Л-Джк01120-0410Пр;4623721296376
;
Л-Джк01060-03102Я;4623721296383
Л-Джк01065-01102Я;4623721296482
Л-Джк01075-03102Я;4623721296635
Л-Джк01090-53102Я;4623721296796
Л-Джк01105-53102Я;4623721571848
;
Л-Джк01075-0310Ко3;4623721297021
Л-Джк01075-0310Пр3Я;4623721297168
Л-Джк01090-0310Ко3;4623721297274
Л-Джк01090-0310Пр3Я;4623721297441
Л-Джк01105-1110Ко3;4623721297564
Л-Джк01120-0310Ко3;4623721297700
;
;
;
Л-Джу03050-0310;4623721297779
Л-Джу04050-0110;4623721297885
;4623721297908
;4623721297922
;
Л-Джу03060-0310;4623721297939
;
Л-Джу03060-5310;4623721718656
Л-Джу03060-5310Нов;4623721723605
Л-Джу04060-5210;4623721628788
;4623721301131
Л-Джу03065-0310;4623721298097
Л-Джу03065-5310;4623721718748
Л-Джу04065-5310;4623721342813
Л-Джу04065-5210;4623721298257
Л-Джу03075-0310;4623721298387
Л-Джу03075-5310;4623721718762
Л-Джу04075-5310;4623721298523
Л-Джу03085-0310;4623721298677
Л-Джу03085-5310;4623721718786
Л-Джу04085-5310;4623721572005
Л-Джу03090-0310;4623721298936
Л-Джу03090-5310;4623721718809
Л-Джу04090-5310;4623721299070
Л-Джу03105-0310;4623721299209
Л-Джу03105-5310;4623721388996
Л-Джу04105-0310;4623721299346
Л-Джу03120-0310;4623721299469
Л-Джу03120-5310;4623721718847
Л-Джу04105-5310;4623721299599
;4623721299605
;
;2000768483884
;2000768476688
;2000768479498
;
;
;
;
;
;
;
;
;
;
;
;
Л-Джу05030-0614;4623721299711
Л-Джу05030-0310Л;4623721299773
Л-Джу05030-0310П;4623721299933
Л-Джу05035-0310Л;4623721300097
Л-Джу05035-0310П;4623721300257
Л-Джу05036-0310К1ЯЛ;4623721300417
Л-Джу05036-0310К1ЯП;4623721300509
Л-Джу05036-0110К1ЯП;4623721300523
Л-Джу05036-0210К1ЯП;4623721300608
Л-Джу05040-0310Л;4623721300639
Л-Джу05040-0610П;4623721300769
Л-Джу05060-0310;4623721300950
;
Л-Джу01065-0310По;4623721301186
Л-Джу01075-0310По;4623721301339
Л-Джу01085-0310По;4623721301483
Л-Джу01105-0310По;4623721301629
Л-Джу01120-1110По;4623721301742
;
Л-Джу01055-1110Пр;4623721301780
Л-Джу01065-0310Пр;4623721301797
Л-Джу01075-0310Пр;4623721301957
Л-Джу01085-0310Пр;4623721302114
Л-Джу01105-5310Пр;4623721302282
Л-Джу01120-0310Пр;4623721302428
;
;
Л-Джу03065-0813;4623721302572
Л-Джу03075-0413;4623721302619
Л-Джу03085-0413;4623721302640
Л-Джу03090-0413;4623721302664
Л-Джу03105-0413;4623721302671
Л-Джу03120-0413;4623721302695
;
Л-Джу05030-0413Л;4623721302718
Л-Джу05030-0413П;4623721302732
Л-Джу05035-0413Л;4623721302756
Л-Джу05035-0413П;4623721302770
Л-Джу05040-0413Л;4623721302794
Л-Джу05040-0413П;4623721302817
Л-Джу05060-0413;4623721302831
;2000768497416
;2000768487301
;2000768483488
;2000768491872
;2000768480050
;2000768473724
;
Л-Джу01065-0813Пр;4623721302855
Л-Джу01075-0413По;4623721301322
Л-Джу01075-0413Пр;4623721302886
Л-Джу01085-0413Пр;4623721302916
Л-Джу01105-0413По;4623721302930
Л-Джу01105-0413Пр;4623721302947
Л-Джу01120-0213Пр;4623721302961
Л-Джк01065-02132Я;4623721302985
Л-Джк01075-0213Пр;4623721302992
Л-Джк01120 -0413Ко3;4623721497285
;
;
Л-Лег02085-4510;4623721389061
;
;2000768471331
;2000768471348
;2000768471355
;
Л-Лег01065-4510Пр;4623721303005
Л-Лег01075-4510Пр;4623721303012
Л-Лег01085-4510Пр;4623721303029
;
;
;
;
;
;2000768483532
;
;
;
;
;
;2000768482702
;
;
;
Л-Онт01050-11П1Я;4623721372797
Л-Онт01050-01П1Я;4623721499289
Л-Онт01050-53ПКо2Я;4623721715709
Л-Онт01050-П2Я;4623721304910
Л-Онт01050-01ПКо2Я;4623721499296
Л-Онт01050-06ПКо2Я;4623721304927
Л-Онт01050-14ПКо2Я;4623721304934
Л-Онт01050-07ПКо2Я;4623721304941
Л-Онт01050-15ПКо2Я;4623721304958
Л-Онт01060-01П1Я;4623721304965
Л-Онт01060-53ПКо2Я;4623721628795
Л-Онт01060-01ПКо2Я;4623721304972
;4623722364890
;
;
;
;
;
;
Л-Дуб,02100-01Св;4623721280733
Л-Дуб02100-02Св;4623721280740
П-Баб03060-Cв;4623721280757
П-Ири04050-01СвЛ;4623721603167
П-Ири04050-01СвП;4623721603174
П-Ири04060-01СвЛ;4623721451713
П-Ири04060-01СвП;4623721405044
П-Лик03050-Св;4623721280764
П-Лик03055-Св;4623721280771
П-Лик03060-Св;4623721280788
П-Лик03065-Св;4623721280795
П-Лик03070-Св;4623721280801
П-Лик03075-04Св;4623721280818
П-Лик03075-Св;4623721280825
П-Лик03075-02Св;4623721280832
П-Лик03080-Св;4623721280849
П-Лик03090-04Св;4623721280856
П-Лик03090-Св;4623721280863
П-Лик03090-02Св;4623721280870
П-Лик03105-Св;4623721280887
П-Лик03105-02Св;4623721420344
П-Лик03120-Св;4623721280900
Э-Нат02060-Св;4623721628801
Э-Нат02065-Св;4623721602535
Э-Нат02070-Св;4623721628818
Э-Нат02075-Св;4623721602542
Э-Нат02080-Св;4623721602559
Э-Нат02090-Св;4623721602566
Э-Нат02105-Св;4623721626388
Э-Нат02120-Св;4623721665943
П-Ник04076-01;4623721280917
П-Ник04090-01;4623721280924
П-Ник04105-01;4623721280931
П-Ник04120-01;4623721280948
;
П-Вгс05030-012ПоЛ;4623721291722
П-Вгс05030-012ПоП;4623721291739
;
;
;
;
;
;
;
;
;
Э-Ант02055-01СвЛ;4623721282430
Э-Ант02055-01СвП;4623721282447
;
;
;
;
;
;
Э-Ант01055-01Пр;4623721282454
Э-Ант01055-01Пр10;4623721282461
Э-Ант01055-011Я;4623721282478
Э-Ант010555-011Я10;4623721282485
;
;
П-Внр04060-01СвЛ;4623721918131
П-Внр04060-25СвЛ;4623721918148
П-Внр04060-01СвП;4623721918162
П-Внр04060-25СвП;4623721918155
П-Внр04070-01СвЛ;4623721918186
П-Внр04070-25СвЛ;4623721918179
П-Внр04070-01СвП;4623721918209
П-Внр04070-25СвП;4623721918193
П-Внр04080-01СвЛ;4623721918223
П-Внр04080-25СвЛ;4623721918216
П-Внр04080-01СвП;4623721918247
П-Внр04080-25СвП;4623721918230
П-Сел02060-01Л;4623721282904
П-Сел02060-01П;4623721282911
П-Сел02075-01Л;4623721282928
П-Сел02075-01П;4623721282935
П-Сел02090-01Л;4623721282942
П-Сел02090-01П;4623721282959
;
П-Внр05035-01Л;4623721917295
П-Внр05035-25Л;4623721917264
П-Внр05035-01П;4623721917288
П-Внр05035-25П;4623721917271
;
;
;
;
;
;
;
;
;
;
;
;
;
;
;
;
;
;
;
;
;
;
;
;
П-Сел05038-01БкЛ;4623721282973
П-Сел05035-01БкП;4623721282980
П-Сел05040-015Я;4623721282997
;
;
;
;
П-Внр01060-012Я;4623721918261
П-Внр01060-252Я;4623721918254
П-Внр01070-012Я;4623721918285
П-Внр01070-252Я;4623721918278
П-Внр01080-012Я;4623721918308
П-Внр01080-252Я;4623721918292
П-Еле01050-012Я;4623721735219
П-Еле01055-012Я;4623721735226
П-Еле01060-012ЯДо;4623720866716
П-Еле01060-052Я;4623721283048
П-Еле01060-052ЯДо;4623721339547
П-Еле01060-132Я;4623721283062
П-Еле01060-132ЯДо;4623721945960
П-Еле01060-122Я;4623721283079
П-Еле01060-122ЯДо;4623721821547
П-Еле01070-012Я;4623721283086
П-Еле01070-052Я;4623721283093
П-Еле01073-012ЯДо;4623721513756
П-Еле01070-132Я;4623721283109
П-Еле01070-132ЯДо;4623721769863
П-Еле01070-122Я;4623721339554
П-Еле01080-012Я;4623721780592
П-Сел01060-01Пр;4623721283147
П-Сел01075-01Пр3Я;4623721283154
П-Сел01090-01Пр3Я;4623721283161
;
;
П-Сид02065-285СвЛ;4623721283178
П-Сид02065-265СвЛ;4623721283185
П-Сид02065-305СвЛ;4623721283192
П-Сид02065-235СвЛ;4623721283208
П-Сид02065-285СвП;4623721283215
П-Сид02065-265СвП;4623721283222
П-Сид02065-235СвП;4623721283246
П-Сид02065-305СвП;4623721283239
П-Сид02075-285СвЛ;4623721283253
П-Сид02075-265СвЛ;4623721283260
П-Сид02075-305СвЛ;4623721283277
П-Сид02075-235СвЛ;4623721283284
П-Сид02075-285СвП;4623721283291
П-Сид02075-265СвП;4623721283307
П-Сид02075-305СвП;4623721283314
П-Сид02075-235СвП;4623721283321
П-Сид02085-285СвЛ;4623721283338
П-Сид02085-265СвЛ;4623721283345
П-Сид02085-305СвЛ;4623721283352
П-Сид02085-235СвЛ;4623721283369
П-Сид02085-285СвП;4623721283376
П-Сид02085-265СвП;4623721283383
П-Сид02085-305СвП;4623721283390
П-Сид02085-235СвП;4623721283406
П-Сид02105-285Св;4623721283413
П-Сид02105-265Св;4623721283420
П-Сид02105-235Св;4623721283437
;
;
;
;
;
;
;
;
;
;
;
;
;
;
;
;
П-Сид05035-285БкЛ;4623721283444
П-Сид05035-265БкЛ;4623721283451
П-Сид05035-305БкЛ;4623721283468
П-Сид05035-235БкЛ;4623721283475
П-Сид05035-285БкП;4623721283482
П-Сид05035-265БкП;4623721283499
П-Сид05035-305БкП;4623721283505
П-Сид05035-235БкП;4623721283512
;
П-Сид01065-285Пр;4623721283550
П-Сид01065-265Пр;4623721283529
П-Сид01065-305Пр;4623721283536
П-Сид01065-235Пр;4623721283543
П-Сид01075-2853Я;4623721283598
П-Сид01075-2653Я;4623721283567
П-Сид01075-3053Я;4623721283574
П-Сид01075-2353Я;4623721283581
П-Сид01085-285Прк;4623721283635
П-Сид01085-265Прк;4623721283604
П-Сид01085-305Прк;4623721283611
П-Сид01085-235Прк;4623721283628
П-Сид01105-285Пр3Я;4623721283666
П-Сид01105-265Пр3Я;4623721283642
П-Сид01105-235Пр3Я;4623721283659
;
;
П-Гло02075-18СвЛ;4623721283796
П-Гло02075-03СвЛ;4623721283802
П-Гло02075-18СвП;4623721283819
П-Гло02075-03СвП;4623721283826
П-Гло02085-18СвЛ;4623721283833
П-Гло02085-03СвЛ;4623721283840
П-Гло02085-18СвП;4623721283857
П-Гло02085-03СвП;4623721283864
П-Гло02105-18Св;4623721283888
П-Гло02105-03Св;4623721283871
;
;
;
;
;
;
;
П-Гло05035-18БкЛ;4623721283895
П-Гло05035-03БкЛ;4623721283901
П-Гло05035-18БкП;4623721283918
П-Гло05035-03БкП;4623721283925
;
П-Гло01075-182Я;4623721283932
П-Гло01075-032Я;4623721283949
П-Гло01086-181Я;4623721283956
П-Гло01086-031Я;4623721283963
П-Гло01105-182Я;4623721283970
П-Гло01105-032Я;4623721283987
;
;
Э-Дре02075-01СвЛ;4623721283994
Э-Дре02075-01СвП;4623721284007
Э-Дре02085-01СвЛ;4623721284014
Э-Дре02085-01СвП;4623721284021
Э-Дре02095-01Св;4623721284038
Э-Дре02105-01Св;4623721284045
Э-Сте02065-01СвЛ;4623721282591
Э-Сте02065-01СвП;4623721282607
;
Э-Дре05035-01СЛ;4623721284052
Э-Дре05035-01К2ЯП;4623721284069
Э-Дре05040-012Я;4623721284076
;
;
;
;
;
;
;
;
;
;
Э-Дре01065-011Я;4623721284083
Э-Дре01065-01К2Я;4623721284090
Э-Дре01076-012Я;4623721284106
Э-Дре01086-01К2Я;4623721284113
Э-Дре01095-016Я;4623721284120
Э-Дре01105-016Я;4623721284137
Э-Сте01065-01К2Я;4623721282669
Э-Сте01065-01К4Я;4623721282676
Э-Сте01065-014Я;4623721282683
;
;
П-Евр02050-031Св;4623721284144
П-Евр02050-011Св;4623721284151
П-Евр02050-041Св;4623721284168
П-Евр02050-021Св;4623721284175
П-Евр02060-031Св;4623721284182
П-Евр02060-011Св;4623721284199
П-Евр02060-041Св;4623721284205
П-Евр02060-021Св;4623721284212
П-Евр02090-031Св;4623721284229
П-Евр02090-011Св;4623721284236
П-Евр02090-041Св;4623721284243
П-Евр02090-021Св;4623721284250
;
;
;
П-Евр05040-031П1ЯЛ;4623721284267
П-Евр05040-011П1ЯЛ;4623721284274
П-Евр05040-041П1ЯЛ;4623721284281
П-Евр05040-021П1ЯЛ;4623721284298
П-Евр05040--031П1ЯП;4623721284304
П-Евр05040-011П1ЯП;4623721284311
П-Евр05040-041П1ЯП;4623721284328
П-Евр05040-021П1ЯП;4623721284335
;
;
;
;
;
;
;
;
;
;
;
;
;
;
;
;
;
;
П-Евр07050-031До;4623722045294
П-Евр07050-011;4623721963988
П-Евр07050-011До;4623721964008
П-Евр07050-041;4623721964015
П-Евр07050-021;4623721964022
П-Евр07060-031Дов;4623721963995
П-Евр07060-011;4623721964039
П-Евр07060-011Дов;4623721964053
П-Евр07060-041;4623721964060
П-Евр07090-011До;4623722207258
П-Евр07090-011До;4623721964084
П0Евр07090-041;4623721964091
П-Евр07090-021До;4623721964107
;
П-Евр01050-031ПоД;4623721952272
П-Евр01050-011ПоД;4623721952289
П-Евр01050-041По;4623721284489
П-Евр01050-021По;4623721284496
П-Евр01060-031ПоД;4623721811722
П-Евр01060-011По;4623721284519
П-Евр01060-011ПоД;4623721339608
П-Евр01060-041По;4623721284526
П-Евр01060-021По;4623721284533
П-Евр01090-031ПоД;4623721825965
П-Евр01090-011ПоД;4623721945687
П-Евр01090-041По;4623721284564
П-Евр01090-021По;4623721284571
Евр01090-021ПоД;4623721825972
;
;
П-Жас03050-052;4623721284588
П-Жас03060-052;4623721284595
П-Жас03070-052;4623721284618
П-Жас02055-012СвЛ;4623721284625
П-Жас02055-042СвЛ;4623721284632
П-Жас02055-122СвЛ;4623721456930
П-Жас02055-022СвЛ;4623721284649
П-Жас02055-012СвП;4623721284656
П-Жас02055-042СвП;4623721284663
П-Жас02055-122СвП;4623721284670
П-Жас02055-022СвП;4623721284687
П-Жас02065-042СвЛ;4623721284694
П-Жас02065-122СвЛ;4623721284700
П-Жас02065-022СвЛ;4623721284717
П-Жас02065-042СвП;4623721284724
П-Жас02065-122СвП;4623721456947
П-Жас02065-022СвП;4623721284731
П-Жас02075-042СвЛ;4623721284748
П-Жас02075-122СвЛ;4623721284755
П-Жас02075-022СвЛ;4623721284762
П-Жас02075-042СвП;4623721284779
П-Жас02075-122СвП;4623721284786
П-Жас02075-022СвП;4623721284793
П-Жас02085-042СвЛ;4623721284809
П-Жас02085-122СвЛ;4623721284816
П-Жас02085-022СвЛ;4623721284823
П-Жас02085-042СвП;4623721284830
П-Жас02085--122СвП;4623721284847
П-Жас02085-022СвП;4623721284854
П-Жас02105-122Св;4623721284861
П-Жас02105-022Св;4623721284878
П-Жас03060-202;4623721339615
П-Жас03070-202;4623721339622
П-Жас03060--132;4623721284885
П-Жас03070-132;4623721284892
П-Жас03060-122;4623721284908
П-Жас03070-122;4623721284915
;
;
;
;
;
;
;
;
;
;
;
;
;
;
;
;
;
;
;
;
;
;
;
П-Жас05035-012БкЛ;4623721284922
П-Жас05035-042БкЛ;4623721284939
П-Жас05035-132БкЛ;4623721284946
П-Жас05035-122БкЛ;4623721284953
П-Жас05035-022БкЛ;4623721284960
П-Жас05035-012БкП;4623721284977
П-Жас05035-042БкП;4623721284984
П-Жас05035--132БкП;4623721284991
П-Жас05035-122БкП;4623721285004
П-Жас05035-022БкП;4623721285011
;
П-Жас01050-0523Я;4623721285028
П-Жас01060-0523Я;4623721285035
П-Жас01060-0523ЯДо;4623721339639
П-Жас01070-0523Я;4623721285042
П-Жас01055-012Ня;4623721285059
П-Жас01055-042Ня;4623721285066
П-Жас01055-122Ня;4623721285073
П-Жас01055-022Ня;4623721285080
П-Жас01065-0423Я;4623721285103
П-Жас01065-1223Я;4623721285110
П-Жас01065-0223Я;4623721285127
П-Жас01075-042;4623721285165
П-Жас01075-122;4623721285172
П-Жас01076-0222Я;4623721285189
П-Жас01086-122К2Я;4623721285196
П-Жас01086-042К2Я;4623721285202
П-Жас01086-022К2Я;4623721285219
П-Жас01105-1226Я;4623721285226
П-Жас01105-0226Я;4623721285233
П-Жас01060-1323Я;4623721285240
П-Жас01060-132Д3Я;4623721945946
П-Жас01070-1323Я;4623721285257
;
;
П-Жас02055-031СвЛ;4623721285264
П-Жас02055-011СвЛ;4623721285271
П-Жас02055-031СвП;4623721285288
П-Жас02055--011СвП;4623721285295
П-Жас03060-011;4623721285318
П-Жас02065-101СвЛ;4623721285349
П-Жас02065-031СвЛ;4623721285325
П-Жас02065-011СвЛ;4623721285332
П-Жас02065-061СвЛ;4623721285356
П-Жас02065-041СвЛ;4623721371554
П-Жас02065-071СвЛ;4623721285370
П-Жас02065-021СвЛ;4623721285387
П-Жас02065-031СвП;4623721285394
П-Жас02065-011СвП;4623721285455
П-Жас02065-061СвП;4623721285417
П-Жас02065-041СвП;4623721371547
П-Жас02065-071СвП;4623721285448
П-Жас02065-021СвП;4623721285462
П-Жас03070-011;4623721285479
П-Жас02075-031СвЛ;4623721285486
П-Жас02075-011СвЛ;4623721285493
П-Жас02075-061СвЛ;4623721285516
П-Жас02075-141СвЛ;4623721285523
П-Жас02075-041СвЛ;4623721285530
П-Жас02075-071СвЛ;4623721285547
П-Жас02075-021СвЛ;4623721285554
П-Жас02075-031СвП;4623721285561
П-Жас02075-011СвП;4623721285578
П-Жас02075-061СвП;4623721285592
П-Жас02075-141СвП;4623721285608
П-Жас02075-041СвП;4623721285615
П-Жас02075--071СвП;4623721285622
П-Жас02075-021СвП;4623721285639
П-Жас02080-011СвЛ;4623721285646
П-Жас02080-011СвП;4623721285653
;4623722374226
П-Жас02085-031СвЛ;4623721285660
П-Жас02085-011СвП;4623721285677
П-Жас02085--101СвЛ;4623721285684
П-Жас02085-061СвЛ;4623721285691
П-Жас02085-141СвЛ;4623721285707
П-Жас02085-041СвЛ;4623721285714
П-Жас02085-071СвЛ;4623721285721
П-Жас02085-021СвЛ;4623721285738
П-Жас02085-031СвП;4623721285745
П-Жас02085-011СвЛ;4623721285752
П-Жас02085-061СвП;4623721285776
П-Жас02085-141СвП;4623721285783
П-Жас02085-041СвП;4623721285790
П-Жас02085-071СвП;4623721285806
П-Жас02085-021СвП;4623721285813
П-Жас02095-031Св;4623721285820
П-Жас02095-011Св;4623721285837
П-Жас02095-021Св;4623721285844
П-Жас02105-031Св;4623721285851
П-Жас02105-011Св;4623721285868
П-Жас02105-061Св;4623721285882
П-Жас02105-141Св;4623721285899
П-Жас02105-041Св;4623721285905
П-Жас02105-071Св;4623721285912
П-Жас02105-021Св;4623721285929
П-Куб-01120-011Л;4623722396327
П-Куб-01120-011П;4623722396334
;
;
;
;
;
;
;
;
;
;
;
;
;
;
;
;
;
;
;
;
;
;
;
;
;
;
;
;
;
;
;
;
;
;
;
;
;
;
;
;
;
;
;
;
;
;
;
;
;
;
;
;
;
;
;
;
;
;
;
;
;
;
;
;
;
;
;
;
;
;
;
;
;
;
П-Жас05030-031Л;4623721285936
П-Жас05030-031П;4623721285943
П-Жас05030-011Л;4623721285950
П-Жас05030-011П;4623721285967
П-Жас05030-041Л;4623721285974
П-Жас05030-041П;4623721285981
П-Жас05030-021Л;4623721285998
П-Жас05030-021П;4623721286001
;
П-Жас-1060-0113ЯДо;4623722062659
П-Жас01055--011НЯ;4623721286049
П-Жас-1060-0113Я;4623721286070
П-Жас01060-0113ЯДо;4623721342790
П-Жас01065-0113ЯГр;4623721285097
П-Жас01065-0313Я;4623721286087
П-Жас01065-0113Я;4623721286094
П-Жас01065-0613Я;4623721286117
П-Жас01065-1413Я;4623721286124
П-Жас01065-0412Я;4623721535185
П-Жас01065-0213Я;4623721286148
П-Жас01070-0113Я;4623721286155
П-Жас01070-0113ЯДо;4623721801921
П-Жас01075-0312Я;4623721286162
П-Жас01075-0112Я;4623721286179
П-Жас01075-0612Я;4623721286193
П-Жас01075-1412Я;4623721286209
П-Жас01075-0412Я;4623721286216
П-Жас01075-0712Я;4623721286223
П-Жас01075-0212Я;4623721286230
П-Жас01080-0113ЯДо;4623721342806
П-Жас01080-011К2Я;4623721286254
П-Жас01075-021К2Я;4623721461750
;4623721339646
П-Жас01085-011К2Я;4623721286261
П-Жас01085-061К2Я;4623721286285
П-Жас01085-141К2Я;4623721286292
П-Жас01085-041К2Я;4623721286308
П-Жас01085-071К2Я;4623721286315
П-Жас01085-021К2Я;4623721286322
П-Жас01085-031К2Я;4623721286339
П-Жас01095-031К2Я;4623721286346
П-Жас01095-011К2Я;4623721286353
П-Жас01095-021К2Я;4623721286360
П-Жас01095-0116Я;4623721286377
;4623721339653
П-Жас01105-0316Я;4623721286384
П-Жас01105-0116Я;4623721286391
П-Жас01105-0616Я;4623721286414
П-Жас01105-1416Я;4623721286421
П-Жас01105-0416Я;4623721286436
П-Жас01105-0716Я;4623721286445
П-Жас01105-0216Я;4623721286452
П-Куб01050-0113ЯЛ;4623722356505
П-Куб01060-0113ЯЛ;4623722356512
;4623722364760
П-Мекс01060-0113ЯЛ;4623722056580
;
П-Жас01050-011П2ЯДо;4623721786198
П-Жас01050-041П2ЯДо;4623721818356
П-Жас01050-021П2ЯДо;4623721357473
П-Жас01065-031П2Я;4623721286476
П-Жас01065-031П2ЯДо;4623721816864
П-Жас01065-011П2Я;4623721286483
П-Жас01065-011П2ЯДо;4623721334887
П-Жас01065-041П2Я;4623721286490
П-Жас01075-031П2Я;4623721286513
П-Жас01075-031П2ЯДо;4623722355485
П-Жас01075-011П2ЯДо;4623721786204
П-Жас01075-041П2Я;4623721286537
П-Жас01075-021П2ЯДо;4623721826474
П-Жас01090-031П2Я;4623721286551
П-Жас01090-031П2ЯДо;4623722047090
П-Жас01090-011П2ЯДо;4623721357466
П-Жас01090-041П2Я;4623721286575
П-Жас01090-021П2Я;4623721286582
;
;
П-Вио03061-011Св;4623721286599
П-Вио03073-011Св;4623721286605
П-Вио03082-011Св;4623721286612
П-Вио03092-011Св;4623721286629
П-Ило02080-011Св;4623721286636
П-Ило02090-011Св;4623721286643
П-Ило02100-011Св;4623721286650
П-Кмл03065-011;4623721286667
П-Кмл03075-011;4623721286674
П-Кмл03085-011;4623721286681
;
;
;
;
;
;
;
;
;
;
;
;
;
;
;
;
;
;
П-Вио01061-011Пр;4623721286698
П-Вио01073-011Пр;4623721286704
П-Вио01082-0113Я;4623721286711
П-Вио01092-0113ЯЛ;4623721286728
П-Ило01060-011;4623721286735
П-Ило01070-011;4623721286742
П-Ило01080-0113Я;4623721286759
П-Ило01090-0113Я;4623721286766
П-Ило01090-0113ЯЛ;4623721286773
П-Ило01100-0113Я;4623721286780
П-Кмл01045-011Пр;4623721286797
П-Кмл01045-011ПрN;4623722341563
П-Кмл01055-011Пр;4623721286803
П-Кмл01065-0113Я;4623721286810
П-Кмл01075-0113Я;4623721286827
П-Кмл01085-0113Я;4623721286834
;
;
П-Крм04070-2615Л;4623721286841
П-Крм04070-2315Л;4623721286858
П-Крм04070-2615П;4623721286865
П-Крм04070-2315П;4623721286872
П-Крм04080-2615Л;4623721286889
П-Крм04080-2315Л;4623721286896
П-Крм04080-2615П;4623721286902
П-Крм04080-2315П;4623721286919
П-Крм04090-2615Л;4623721286926
П-Крм04090-2315Л;4623721286933
П-Крм04090-2615П;4623721286940
П-Крм04090-2315П;4623721286957
П-Крм04100-2615;4623721286964
П-Крм04100-2315;4623721286971
;
;
;
;
;
;
;
;
;
П-Крм05035-2615БкЛ;4623721286988
П-Крм05035-2315БкЛ;4623721286995
П-Крм05035-2615БкП;4623721287008
П-Крм05035-2315БкП;4623721287015
;
П-Крм01070-2615Пр;4623721287022
П-Крм01070-2315Пр;4623721287039
П-Крм01080-26153Я;4623721287046
П-Крм01080-23153Я;4623721287053
П-Крм01090-26153Я;4623721287060
П-Крм01090-23153Я;4623721287077
П-Крм01100-26153Я;4623721287084
П-Крм01100-23153Я;4623721287091
;
;
П-Крл02060-315СвЛ;4623721287107
П-Крл02060-285СвЛ;4623721287114
П-Крл02060-265СвЛ;4623721287121
П-Крл02060-295СвЛ;4623721287138
П-Крл02060-305СвЛ;4623721287145
П-Крл02060-235СвЛ;4623721287152
П-Крл02060-315СвП;4623721287169
П-Крл02060-285СвП;4623721287176
П-Крл02060-265СвП;4623721287183
П-Крл02060-295СвП;4623721287190
П-Крл02060-305СвП;4623721287206
П-Крл02060-235СвП;4623721287213
П-Крл02070-315СвЛ;4623721287220
П-Крл02070-285СвЛ;4623721287237
П-Крл02070-265СвЛ;4623721287244
П-Крл02070-295СвЛ;4623721287251
П-Крл02070-305СвЛ;4623721287268
П-Крл02070-235СвЛ;4623721287275
П-Крл02070-315СвП;4623721287282
П-Крл02070-285СвП;4623721287299
П-Крл02070-265СвП;4623721287305
П-Крл02070-295СвП;4623721287312
П-Крл02070-305СвП;4623721287329
П-Крл02070-235СвП;4623721287336
П-Крл02080-315СвЛ;4623721287343
П-Крл02080-285СвЛ;4623721287350
П-Крл02080-265СвЛ;4623721287367
П-Крл02080-295СвЛ;4623721287374
П-Крл02080-305СвЛ;4623721287381
П-Крл02080-235СвЛ;4623721287398
П-Крл02080-315СвП;4623721287404
П-Крл02080-285СвП;4623721287411
П-Крл02080-265СвП;4623721287428
П-Крл02080-295СвП;4623721287435
П-Крл02080-305СвП;4623721287442
П-Крл02080-235СвП;4623721287459
;
;
;
;
;
;
;
;
;
;
;
;
;
;
;
;
;
;
;
;
;
;
;
;
;
;
;
;
;
П-Крл05035-315Л;4623721287466
П-Крл05035-285Л;4623721287473
П-Крл05035-265Л;4623721287480
П-Крл05035-295Л;4623721287497
П-Крл05035-305Л;4623721287503
П-Крл05035-235Л;4623721287510
П-Крл05035-315П;4623721287527
П-Крл05035-285П;4623721287534
П-Крл05035-265П;4623721287541
П-Крл05035-295П;4623721287558
П-Крл05035-305П;4623721287565
П-Крл05035-235П;4623721287572
;
П-Крл01060-285Пр;4623721287589
П-Крл01060-265Пр;4623721287596
П-Крл01060-305Пр;4623721287602
П-Крл01060-235Пр;4623721287619
П-Крл01060-3153ЯЛ;4623721287626
П-Крл01060-2853ЯЛ;4623721287633
П-Крл01060-2653ЯЛ;4623721287640
П-Крл01060-2953ЯЛ;4623721287657
П-Крл01060-3053ЯЛ;4623721287664
П-Крл01060-2353ЯЛ;4623721287671
П-Крл01060-3153ЯП;4623721287688
П-Крл01060-2853ЯП;4623721287695
П-Крл01060-2653ЯП;4623721287701
П-Крл01060-2953ЯП;4623721287718
П-Крл01060-3053ЯП;4623721287725
П-Крл01060-2353ЯП;4623721287732
П-Крл01070-3153Я;4623721287749
П-Крл01070-2853Я;4623721287756
П-Крл01070-2653Я;4623721287763
П-Крл01070-3053Я;4623721287770
П-Крл01070-2353Я;4623721287787
П-Крл01070-2953Я;4623721287794
П-Крл01080-3153Я;4623721287800
П-Крл01080-2853Я;4623721287817
П-Крл01080-2653Я;4623721287824
П-Крл01080-2953Я;4623721287831
П-Крл01080-3053Я;4623721287848
П-Крл01080-2353Я;4623721287855
;
;
П-Ква02060-011СвЛ;4623721287879
П-Ква02060-011СвП;4623721287886
П-Ква02075-031СвЛ;4623721287893
П-Ква02075-011СвЛ;4623721287909
П-Ква02075-031СвП;4623721287916
П-Ква02075-011СвП;4623721287923
П-Ква02090-031СвЛ;4623721287930
П-Ква02090-011СвЛ;4623721287947
П-Ква02090-031СвП;4623721287954
П-Ква02090-011СвП;4623721287961
П-Ква02105-011Св;4623721287862
;
П-Ква05035-011Л;4623721287978
П-Ква05035-011П;4623721287985
;
;
;
П-Ква01090-011Л;
П-Ква01090-031Л;
П-Ква01090-011П;
П-Ква01090-031П;
;
;
;
;
П-Ква01060-011;4623721287992
П-Ква01075-011;4623721288005
П-Ква01075-031;4623721288012
П-Ква01090-011;4623721288029
П-Ква01090-031;4623721288036
П-Ква01105-011;4623721288043
;
;
П-Кри02075-042СвЛ;4623721288050
П-Кри02075-042СвП;4623721288074
П-Кри02075-022СвП;4623721288081
П-Кри02075-022СвЛ;4623721288067
;
;
;
;
П-Кри01060-042ПрК;4623721288098
П-Кри01060-022ПрК;4623721288111
;
;
П-Кри02090-031СвЛ;4623721288289
П-Кри02090-011СвЛ;4623721288296
П-Кри02090-101СвЛ;4623721288302
П-Кри02090-061СвЛ;4623721288319
П-Кри02090-041СвЛ;4623721288326
П-Кри02090-071СвЛ;4623721288333
П-Кри02090-021СвЛ;4623721288340
П-Кри02090-031СвП;4623721288357
П-Кри02090-011СвП;4623721288364
П-Кри02090-101СвП;4623721288371
П-Кри02090-061СвП;4623721288388
П-Кри02090-041СвП;4623721288395
П-Кри02090-071СвП;4623721288401
П-Кри02090-021СвП;4623721288418
;
;
;
;
;
;
;
;
;
;
;
;
;
;
;
;
;
;
;
;
;
;
;
;
;
;
;
;
;
;
;
;
;
;
;
П-Аль04030-491Л;4623721288470
П-Аль04030-491П;4623721288494
П-Аль01120-491Пр;4623721288500
П-Кри01060-031ПрК;4623721288517
П-Кри01060-011ПрК;4623721288524
П-Кри01060-071К2Я;4623721288548
П-Кри01060-021ПрК;4623721288555
П-Кри01075-011К2Я;4623721288562
П-Кри01075-031К2Я;4623721288579
П-Кри01075-101К2Я;4623721288586
П-Кри01075-061К2Я;4623721288593
П-Кри01075-141К2Я;4623721288609
П-Кри01075-041К2Я;4623721288616
П-Кри01075-071К2Я;4623721288623
П-Кри01075-021К2Я;4623721288630
П-Кри01090-031;4623721288647
П-Кри01090-011;4623721288654
П-Кри01090-061;4623721288678
П-Кри01090-041;4623721288692
П-Кри01090-071;4623721288708
П-Кри01090-021;4623721288715
П-Кри01105-031;4623721288722
П-Кри01105-011;4623721288739
П-Кри01105-061;4623721288746
П-Кри01105-141;4623721288753
П-Кри01105-041;4623721288760
П-Кри01105-071;4623721288777
П-Кри01105-021;4623721288784
;
;
П-Лрд04055-232СвЛ;4623721288791
П-Лрд04055-232СвП;4623721288807
П-Лрд04065-012СвЛ;4623721288814
П-Лрд04065-232СвЛ;4623721288821
П-Лрд04065-012СвП;4623721288838
П-Лрд04065-232СвП;4623721288845
П-Лрд04075-012СвЛ;4623721288852
П-Лрд04075-232СвЛ;4623721288869
П-Лрд04075-012СвП;4623721288876
П-Лрд04075-232СвП;4623721288883
П-Лрд04085-012СвЛ;4623721288890
П-Лрд04085-232СвЛ;4623721288906
П-Лрд04085-012СвП;4623721288913
П-Лрд04085-232СвП;4623721288920
П-Лрд04105-012Св;4623721288937
П-Лрд04105-232Св;4623721288944
;
П-Лрд05035-012БкЛ;4623721288951
П-Лрд05035-012БкП;4623721288968
П-Лрд05035-232БкП;4623721288975
П-Лрд05035-232БкЛ;4623721288982
;
;
;
;
;
;
;
;
;
;
;
П-Лрд01055-2322Я;4623721288999
П-Лрд01055-232Пр;4623721289002
П-Лрд01065-0122Я;4623721289019
П-Лрд01065-2322Я;4623721289026
П-Лрд01075-012;4623721289033
П-Лрд01075-232;4623721289040
П-Лрд01085-012;4623721289057
П-Лрд01085-232;4623721289064
П-Лрд01105-012;4623721289071
П-Лрд01105-232;4623721289088
;
;
П-Мрс02075-252;4623721289118
П-Мрс02090-252Л;4623721289125
П-Мрс02090-252П;4623721289132
П-Мрс02105-252;4623721289149
П-Мрс02120-252;4623721289156
;
;
;
;
;
П-Мрс05035-252БкЛ;4623721289163
П-Мрс05035-252БкП;4623721289170
;
П-Мрс01075-252Ня;4623721289200
П-Мрс01090-2522Я;4623721289217
П-Мрс01105-2522Я;4623721289224
П-Мрс01120-2522Я;4623721289231
;
;
П-Гер02070-Св;4623721827051
П-Гер02080-Св;4623721827068
П-Гер02100-Св;4623721738807
П-Мрт02060-012;4623721945984
П-Мрт02060-091;4623721946004
П-Мрт02060-052;4623721946219
П-Мрт02060-061;4623721946226
П-Мрт02070-012;4623721715570
П-Мрт02070-091;4623721715587
П-Мрт02070-052;4623721715594
П-Мрт02070-061;4623721715600
П-Мрт02080-012;4623721626265
П-Мрт02080-091;4623721626272
П-Мрт02080-052;4623721626289
П-Мрт02080-061;4623721626296
П-Мрт02100-013;4623722075505
П-Мрт02100-012;4623721405174
П-Мрт02100-091;4623721422164
П-Мрт02100-052;4623721405181
П-Мрт02100-061;4623721405198
;
;
;
П-Гер05050-0112Я;4623721761737
;
;
;
;
;
;
;
;
;
;
;
П-Мрт05035-013Л;4623721955099
П-Мрт05035-013П;4623721955105
П-Мрт05035-012Л;4623721828270
П-Мрт05035-012П;4623721828287
П-Мрт05035-091Л;4623721828294
П-Мрт05035-091П;4623721828300
П-Мрт05035-052Л;4623721412837
П-Мрт05035-052П;4623721828324
П-Мрт05035-061Л;4623721828331
П-Мрт05035-061П;4623721828348
;
;
;
;
;
;
;
;
;
;
;
;
;
;
;
;
;
;
;
;
;
;
;
;
;
;
;
П-Гам01100-0112ЯЛ;4623722216137
П-Гам01100-0112ЯП;4623722216120
П-Гер01070-011;4623721827075
П-Гер01080-011;4623721827082
П-Гер01100-0112Я;4623721738814
;4623721952319
П-Мрт01060-012;4623721946233
П-Мрт01060-091;4623721946240
П-Мрт01060-052;4623721946257
П-Мрт01060-061;4623721946264
П-Мрт01060-012По;4623721946271
П-Мрт01060-091По;4623721946288
П-Мрт01060-052По;4623721946295
П-Мрт01060-061По;4623721946301
П-Мрт01070-012;4623721715501
П-Мрт01070-091;4623721715518
П-Мрт01070-052;4623721715525
П-Мрт01070-061;4623721715532
П-Мрт01070-012По;4623721715617
П-Мрт01070-091По;4623721715549
П-Мрт01070-052По;4623721715556
П-Мрт01070-061По;4623721715563
П-Мрт01080-012;4623721626302
П-Мрт01080-091;4623721626319
П-Мрт01080-052;4623721626326
П-Мрт01080-061;4623721626333
П-Мрт01080-012По;4623721626340
П-Мрт01080-091По;4623721626357
П-Мрт01080-052По;4623721626364
П-Мрт01080-061По;4623721626371
П-Мрт01100-012;4623721405235
П-Мрт01100-091;4623721422195
П-Мрт01100-052;4623721405242
П-Мрт01100-061;4623721405259
П-Мрт01100-012По;4623721405266
П-Мрт01100-091По;4623721422201
П-Мрт01100-052По;4623721405273
П-Мрт01100-061По;4623721405280
;
;
П-Воя02060-013Л;4623721952340
П-Воя02060-141Л;4623721952364
П-Воя02070-013П;4623721952357
П-Воя02060-141П;4623721952371
П-Воя02070-013Л;4623721717567
П-Воя02070-141Л;4623721658303
П-Воя02070-013П;4623721717574
П-Воя02070-141П;4623721658310
П-Воя02080-013Л;4623721658327
П-Воя02080-141Л;4623721658334
П-Воя02080-013П;4623721624018
П-Воя02080-141П;4623721658358
П-Воя04100-013Св;4623721658280
П-Воя04100-141Св;4623721658297
П-Жен02060-013;4623721625169
П-Жен02070-013;4623721625176
П-Жен02070-014;4623722076335
П-Жен02080-013;4623721625183
П-Лиг02050-141Л;4623721389214
П-Лиг02050-141П;4623721389221
П-Лиг02055-141Л;4623721389238
П-Лиг02055-141П;4623721389245
П-Лиг02060-141Л;4623721389252
П-Лиг02060-141П;4623721389269
П-Пар02065-013Л;4623721626258
П-Пар02065-013П;4623721625817
П-Пар02075-013Л;4623721625824
П-Пар02075-013П;4623721625886
П-Пар02085-013Л;4623721625893
П-Пар02085-013;4623721625909
П-Пар04105-013;4623721625831
П-Риг02075;4623721782640
П-Риг02085;4623721782657
П-Риг02105;4623721782664
;
П-Воя05035-141БкЛ;4623721658365
П-Воя05035-013БкЛ;4623721658372
П-Воя05035-141БкП;4623721658389
П-Воя05035-013БкП;4623721658396
;
;
;
;
;
;
;
;
П-Жен05040-013БкЛ;4623721665165
П-Жен05040-013БкП;4623721665172
П-Жен05040-014БкЛ;4623722076359
П-Жен05040-014БкП;4623722076342
;
;
;
;
;
;
;
П-Пар05035-013БкЛ;4623721628832
П-Пар05035-013БкП;4623721628825
;
;
;
;
П-Риг05035-512ЯП;4623721782633
П-Риг05035-512ЯЛ;4623721782626
;
;
;
;
П-Воя01060-013Пр;4623721952326
П-Воя01060-141Пр;4623721952333
П-Воя01070-013Пр;4623721717581
П-Воя01070-141Пр;4623721726248
П-Воя01080-013Пр;4623721658433
П-Воя01080-141Пр;4623721658440
П-Воя01100-013Пр;4623721658402
П-Воя01100-141Пр;4623721658419
П-Жен01060-013Пр;4623721604553
П-Жен01070-013Пр;4623721604560
П-Жен01070-014Пр;4623722078773
П-Жен01080-013Пр;4623721604577
П-Лиг01050-141Пр;4623721389306
П-Лиг01055-141Пр;4623721389313
П-Лиг01060-141Пр;4623721389320
П-Пар01065-013Пр;4623721625848
П-Пар01075-013Пр;4623721625855
П-Пар01085-013Пр;4623721625862
П-Пар01105-013Пр;4623721625879
П-Риг01075-51Пр;4623721782671
П-Риг01085-51Пр;4623721782688
П-Риг01105-51Пр;4623721782695
;
;
П-Жем03060-328;4623721289248
П-Жем03075-328;4623721289255
П-Жем03090-328;4623721289262
П-Мор03060-338;4623721289286
П-Мор03075-338;4623721289293
П-Мор03090-338;4623721289309
;
;
;
;
;
;
;
П-Жем01060-3282Я;4623721289354
П-Жем01075-3283Я;4623721289361
П-Жем01090-3283Я;4623721289378
П-Мор01060-3382Я;4623721289392
П-Мор01090-3383Я;4623721289415
;
;
П-Мон05035-262БкЛ;4623721289422
П-Мон05035-262БкП;4623721289439
П-Мон05035-232БкЛ;4623721289446
П-Мон05035-232БкП;4623721289453
;
;
;
;
;
;
;
П-Мон01060-2622Я;4623721289460
П-Мон01060-2322Я;4623721289477
П-Мон01075-2323Я;4623721289484
П-Мон01075-2623Я;4623721289491
П-Мон01090-262К2Я;4623721289507
П-Мон01090-232К2Я;4623721289514
;
;
П-Вир02075-012Л;4623721289521
П-Вир02075-013Л;4623721289538
П-Вир02075-012П;4623721289552
П-Вир02075-013П;4623721289569
П-Вир02090-012;4623721289576
П-Вир02090-013;4623721289583
П-Вир02105-012;4623721289590
П-Вир02105-252;4623721289606
П-Вир02120-012;4623721289613
;
П-Оли02060-012УгП;4623721289651
П-Оли02060-012УгЛ;4623721289637
П-Оли02060-252УгЛ;4623721289644
П-Оли02060-252УгП;4623721289668
П-Оли03060-Св;4623721289620
П-Оли02075-012Л;4623721289675
П-Оли02075-012П;4623721289682
П-Оли02075-252Л;4623721289699
П-Оли02075-252П;4623721289705
П-Оли02090-012;4623721289736
П-Оли02090-252;4623721289743
П-Оли02105-012;4623721289750
П-Оли02105-252;4623721289767
П-Оли02120-012;4623721289774
П-Оли02120-252;4623721289781
;
П-Вир05035-012Л;4623721289798
П-Вир05035-012П;4623721289804
;
;
;
;
;
;
;
;
;
;
;
П-Оли5035-021Л;4623721289811
П-Оли5035-012Л;4623721289828
П-Оли05035-252Л;4623721289835
П-Оли5035-021Л;4623721289842
П-Оли05035-012П;4623721289859
П-Оли05035-252П;4623721289866
;
;
;
;
;
;
;
;
;
;
;
;
;
;
;
;
;
П-Вир01060-252Пр;4623721289873
П-Вир01060-012Пр;4623721289880
П-Вир01060-212Пр;4623721289897
П-Вир01075-012Пр;4623721289903
П-Вир01090-012Пр;4623721289910
П-Вир01105-0126Я;4623721289927
П-Вир01105-012Пр;4623721289934
П-Вир01105-252Пр;4623721289941
П-Вир01120-0126Я;4623721289958
П-Вир01120-252Я;4623721289965
П-Вир01120-012Пр;4623721289972
;
П-Оли01060-012Пр;4623721289989
П-Оли01060-252Пр;4623721289996
П-Оли01060-012Уг;4623721290008
П-Оли01060-252Уг;4623721290015
П-Оли01075-012Пр;4623721290022
П-Оли01075-252Пр;4623721290039
П-Оли01090-012Пр;4623721290053
П-Оли01090-252Пр;4623721290060
П-Оли01105-012Пр;4623721290084
П-Оли01105-252Пр;4623721290091
П-Оли01105-0126Я;4623721290107
П-Оли01105-2526Я;4623721290114
П-Оли01120-012Пр;4623721290121
П-Оли01120-252Пр;4623721290138
П-Оли01120-0126Я;4623721290145
П-Оли01120-2526Я;4623721290152
;
;
;
;
;
;
;
;
;
;
;
;
;
;
;
;
;
;
;
;
;
П-Орх01065-0313Я;4623721290169
П-Орх01065-0113Я;4623721290176
П-Орх01065-0413Я;4623721290183
П-Орх01065-0213Я;4623721290190
П-Орх01075-0312Я;4623721290206
П-Орх01075-0112Я;4623721290213
;4623721290237
П-Орх01075-1412Я;4623721290244
П-Орх01075-0412Я;4623721290251
;4623721290268
П-Орх01075-0212Я;4623721290275
П-Орх01085-0312Я;4623721290282
П-Орх01085-0112Я;4623721290299
;4623721290312
П-Орх01085-1412Я;4623721290329
П-Орх01085-0412Я;4623721290336
П-Орх01085-0712Я;4623721290343
П-Орх01085-0212Я;4623721290350
П-Орх01105-0312Я;4623721290367
П-Орх01105-0112Я;4623721290374
;4623721290381
;4623721290398
;4623721290404
;4623721456954
П-Орх01105-0212Я;4623721290411
;
;
П-Пал04070-261СвЛ;4623721290428
П-Пал04070-231СвЛ;4623721290435
П-Пал04070-261СвП;4623721290442
П-Пал04070-231СвП;4623721290459
П-Пал04080-261Св;4623721290466
П-Пал04080-231Св;4623721290473
;
П-Пал05040-2612Я;4623721290589
П-Пал05040-2312Я;4623721290596
;
;
;
;
;
П-Пал01070-261Пр;4623721290602
П-Пал01070-231Пр;4623721290619
П-Пал01080-261Пр;4623721290626
П-Пал01080-231Пр;4623721290633
;
;
П-При05035-011Л;4623721290640
П-При05035-011П;4623721290657
;
;
;
;
;
;
;
;
;
;
;
;
;
;
;
;
;
;
;
;
П-При01050-0313Я;4623721339684
П-При01050-031Д3Я;4623722369772
П-При01050-0113Я;4623721290664
П-При01050-011Д3Я;4623722363428
П-При01050-0413Я;4623721290671
;4623722369789
П-При01050-0213Я;4623721290688
;4623722369796
П-При01055-0313Я;4623721339691
П-При01055-0313Я;4623722354884
П-При01055-0113Я;4623721290695
П-При01055-011Д3Я;4623721916717
П-При01055-0313Я;4623722354891
П-При01055-011Д3Я;4623722349224
П-При01060-0313Я;4623721339707
П-При01060-031Д3Я;4623721813467
П-При01060-011Д3Я;4623721811708
П-При01060-0413Я;4623721290718
П-При01060-021Д3Я;4623721916724
;
П-Мад-01060-011П2Я;4623722264107
П-Мад-01080-011П2Я;4623722264114
П-При01050-011П2Я;4623721952234
П-При01050-011П2ЯДо;4623722062642
П-При01060-011П2ЯДо;4623721952241
;4623722075673
;4623721786181
;4623721822186
;
;
;4623721290763
;4623721290770
;4623721290800
;4623721290855
;4623721290862
;
;4623721290886
;4623721290893
;
;
;
;
;4623721290909
;4623721290916
;
;
;
;
;
;4623721290954
;4623721290992
;
;
П-Неа04065-011СвЛ;4623721359316
П-Неа04065-011СвП;4623721359323
П-Неа04075-011СвЛ;4623721359330
П-Неа04075-011СвП;4623721359347
П-Неа04085-011СвЛ;4623721359354
П-Неа04085--011СвП;4623721359361
П-Неа04105-011Св;4623721359378
П-Сиц04065-011СвЛ;4623721359385
П-Сиц04065-011СвП;4623721359392
П-Сиц04075-011СвЛ;4623721361357
П-Сиц04075-011СвП;4623721361364
П-Сиц04085-011СвЛ;4623721361371
П-Сиц04085-011СвП;4623721361388
П-Сиц04105-011Св;4623721361395
;
П-Неа05035-011К2ЯЛ;4623721361401
П-Неа05035-011К2ЯП;4623721361418
;
;
;
;
П-Сиц05035-011К2ЯЛ;4623721361425
П-Сиц05035-011К2ЯП;4623721361432
;
;
;
;
;
П-Неа01065-011Пр;4623721361449
П-Неа01075-011Пр;4623721361456
П-Неа01085-011Пр;4623721361463
П-Неа01105-011Пр3Я;4623721361470
П-Сиц01065-011Пр;4623721361487
П-Сиц01075-011Пр;4623721361494
П-Сиц01085-011Пр;4623721361500
П-Сиц01105-011Пр3Я;4623721361517
;
;
П-Соф02100-011Св;4623721291012
П-Соф02120-011Св;4623721291036
;
;
;
;
;
;
;
;
П-Вик01110-0112Я;4623721601941
П-Вик01110-011П1Я;4623721601958
П-Соф01100-011Пр;4623721451195
П-Соф01100-0116Я;4623721291067
П-Соф01120-011Пр;4623721291074
П-Соф01120-0113Я;4623721451201
;
;
Э-Сте02065-052СвЛ;4623721291081
Э-Сте02065-052СвП;4623721291098
;
;
;
Э-Сте01065-052К2Я;4623721291104
;
;
Э-Флр04075--011СвП;4623721291135
Э-Флр04075-011СвЛ;4623721291142
Э-Флр04085-011СвП;4623721291173
Э-Флр04085-011СвЛ;4623721291180
Э-Флр04090-011СвП;4623721291197
Э-Флр04090-011СвЛ;4623721291203
;
;
;
;
;
;
;
Э-Флр01070-011Пр;4623721291210
Э-Флр01075-011Пр;4623721291227
Э-Флр01085-011К3Я;4623721291241
Э-Флр01090-011БкЛ;4623721291272
Э-Флр01090-011БкП;4623721291289
;
;
П-Дел03075-221Св;4623721291296
П-Дел03090-221Св;4623721291302
П-Мнх03075-221Св;4623721291319
;
;
;
П-Мнх01075-221ПрК;4623721291395
;
;
П-Фра04055-252СвЛ;4623721291418
П-Фра04055-252СвП;4623721291425
П-Фра04065-252СвЛ;4623721291432
П-Фра04065-252СвП;4623721291449
П-Фра04075-252СвЛ;4623721291456
П-Фра04075-252СвП;4623721291463
П-Фра04085-252СвЛ;4623721291470
П-Фра04085-252СвП;4623721291487
П-Фра04105-252Св;4623721291494
;
П-Фра05035-252БкЛ;4623721291500
П-Фра05035-252БкП;4623721291517
;
;
;
;
;
;
;
П-Фра01055-2522Я;4623721291524
П-Фра01055-252Пр;4623721291531
П-Фра01065-252;4623721291548
П-Фра01075-252;4623721291555
П-Фра01085-252;4623721291562
П-Фра01105-252;4623721291586
;
;
П-Вгс03105-012Св;4623721291593
П-Вгс03075-012Св;4623721291609
П-Вгс03090-012Св;4623721291616
П-Дом02065-242;4623721291623
П-Дом02075-242;4623721291630
П-Дом02090-242;4623721291647
П-Мод02080-19СвЛ;4623721291654
П-Мод02080-19СвП;4623721291661
;
;
П-Мар05035-242Л;4623721291678
П-Мар05035-242П;4623721291685
;
;
;
;
П-Хит05035--3421ЯЛ;4623721291708
П-Хит05035-3421ЯП;4623721291715
;
;
;
;
;
П-Дом01075-2422Я;4623721291777
П-Мар01065-242Пр;4623721291784
П-Мод01080-191Я;4623721291838
П-Хит01070-3422Я;4623721291852
П-Хит01080-3422Я;4623721291869
П-Хит01090-3422Я;4623721291876
П-Хит01100-3422Я;4623721291883
;
П-Вгс01075-012П1Я;4623721291890
П-Вгс01090-012П1Я;4623721291906
П-Вгс01105-012П1Я;4623721291913
П-Хит01070-342П2Я;4623721291920
П-Хит01080-342П2Я;4623721291937
П-Хит01090-342П2Я;4623721291944
П-Хит01100-342П2Я;4623721291951
;
;
П-Элв-01085-011Л;4623722386731
П-Элв-01085-052Л;4623722386748
П-Элв-01085-011П;4623722386755
П-Элв-01085-052П;4623722386762
П-Элв-01105-011;4623722386779
П-Элв-01105-052;4623722386786
;
П-Элв-01035-011Л;4623722386694
П-Элв-01035-052Л;4623722386700
П-Элв-01035-011П;4623722386717
П-Элв-01035-052П;4623722386724
;
;
;
;
;
П-Элв01085-0112Я;4623722086990
П-Элв01085-0122Я;4623722370907
П-Элв01105-0112Я;4623722087003
П-Элв01105-0122Я;4623722370914
;
;
П-Пет04065-031СвЛ;4623721291968
П-Пет04065-011СвЛ;4623721291975
П-Пет04065-041СвЛ;4623721291982
П-Пет04065-021СвЛ;4623721291999
П-Пет04065-031СвП;4623721292002
П-Пет04065-011СвП;4623721292019
П-Пет04065-041СвП;4623721292026
П-Пет04065-021СвП;4623721292033
П-Пет04075-031СвЛ;4623721292040
П-Пет04075-011СвЛ;4623721292057
П-Пет04075-041СвЛ;4623721292064
П-Пет04075-021СвЛ;4623721292071
П-Пет04075-031СвП;4623721292088
П-Пет04075-011СвП;4623721292095
П-Пет04075-041СвП;4623721292101
П-Пет04075-021СвП;4623721292118
П-Пет04090-031СвЛ;4623721292125
П-Пет04090-011СвЛ;4623721292132
П-Пет04090-041СвЛ;4623721292149
П-Пет04090-021СвЛ;4623721292156
П-Пет04090-031СвП;4623721292163
П-Пет04090-011СвП;4623721292170
П-Пет04090-041СвП;4623721292187
П-Пет04090-021СвП;4623721292194
П-Пет04105-011Св;4623721292200
П-Пет04120-011Св;4623721292224
П-Элл03060-Св;4623721292248
П-Элл03075-Св;4623721292255
П-Элл03075-43Св;4623721292279
П-Элл03075-44Св;4623721292286
П-Элл04075-011СвЛ;4623721292293
П-Элл04075-011СвП;4623721292309
П-Элл03090-43Св;4623721292316
П-Элл03090-Св;4623721292323
П-Элл03090-44Св;4623721292330
П-Элл04090-011СвЛ;4623721292347
П-Элл04090-011СвП;4623721292354
П-Элл03100-Св;4623721292361
П-Элл03100-43Св;4623721292378
П-Элл03100-44Св;4623721292385
П-Элл04100;4623721292392
;
;
;
;
;
;
;
;
;
;
;
;
;
;
П-Элл05035-011БкЛ;4623721292415
П-Элл05035--011БкП;4623721292439
;
;
;
;
;
;
;
;
;
;
П-Пет01065-031;4623721292453
П-Пет01065-011;4623721292460
П-Пет01065-041;4623721292477
П-Пет01065-021;4623721292484
П-Пет01075-031;4623721292491
П-Пет01075-011;4623721292507
П-Пет01075-041;4623721292514
П-Пет01075-021;4623721292521
П-Пет01090-031;4623721292538
П-Пет01090-011;4623721292545
;4623721292552
П-Пет01090-021;4623721292569
П-Пет01105-0113Я;4623721292583
П-Элл01075-011Пр;4623721292613
;4623721292620
П-Элл01075-261Пр;4623721292644
П-Элл01075-231Пр;4623721292651
П-Элл01090--261;4623721292668
П-Элл01090-231;4623721292675
П-Элл01090-011Пр;4623721292682
П-Элл01100-0113Я;4623721292699
П-Элл01100-2613Я;4623721292712
П-Элл01100-2313Я;4623721292729
;
;
П-Брс02075;4623722058379
П-Брс02090;4623721813443
П-Брс02105;4623722016525
Л-Кор02070-Се;4623721600173
П-Эми03060-041;4623721292750
П-Эми03060-021;4623721292767
;
П-Брс05035-0111ЯЛ;4623721813429
П-Брс05035-0111ЯП;4623721813436
;
;
;
;
;
;
;
;4623721962684
;4623721962691
;
П-НьюЙ05040-2016Под1ЯЛ;4623722076366
П-НьюЙ05040-2016Под1ЯП;4623722076373
;
;
П-Эми05030-011ПоЛ;4623721292774
П-Эми05030-011ПоП;4623721292781
П-Эми05030-052ПоЛ;4623721292798
П-Эми05030-052ПоП;4623721292804
П-Эми05030-041ПоЛ;4623721292811
П-Эми05030-041ПоП;4623721292828
П-Эми05030-021ПоЛ;4623721292835
П-Эми05030-021ПоП;4623721292842
;
;
;
;
;
;
;
;
;
;
;
;
;
;
;
;
;
;
;
;
;
;
;
П-Брс01075-011П3Я;4623722056573
П-Брс01090-011П3Я;4623721813450
П-Брс01105-011П3Я;4623722016591
Э-Вес01065-011П1Я;4623721564086
Э-Вес01075-011П1Я;4623721564093
Э-Вес01085-011П1Я;4623721564109
Э-Вес01105-011П1Я;4623721714115
;4623721962677
П-НьюЙ01060-0112ЯП;4623722078766
П-НьюЙ01080-0112ЯП;4623722056566
П-Эми01060-011ПоД;4623721361524
П-Эми01060-052По;4623721292866
П-Эми01060-041По;4623721292873
П-Эми01060-041ПоД;4623721361531
П-Эми01060-021По;4623721292880
П-Эми01060-021ПоД;4623721334863
П-Эми01075-011ПоД;4623721334870
П-Эми01075-041По;4623721292903
;4623722063991
П-Эми01075-021ПоД;4623721945618
П-Эми01090-011По;4623721292927
П-Эми01090-011ПоД;4623721811715
П-Эми01090-041По;4623721292934
П-Эми01090-021По;4623721292941
П-Эми01090-021ПоД;4623722064004
;
;4623722343857
П-Эми01060-0313Я;4623721292958
;4623721292965
П-Эми01060-0113Я;4623721334894
П-Эми01060-0413Я;4623721292972
П-Эми01060-0213Я;4623721292989
;
;
П-Але04055-052СвЛ;4623721293306
П-Але04055-352СвЛ;4623721293313
П-Але04055-052СвП;4623721293320
П-Але04055-352СвП;4623721293337
П-Але04065-052СвЛ;4623721293344
П-Але04065-352СвЛ;4623721293351
П-Але04065-052СвП;4623721293368
П-Але04065-352СвП;4623721293375
П-Але04075-052СвЛ;4623721293382
П-Але04075-352СвЛ;4623721293399
П-Але04075--052СвП;4623721293405
П-Але04075-352СвП;4623721293412
П-Але04085-052СвЛ;4623721293429
П-Але04085-352СвЛ;4623721293436
П-Але04085-052СвП;4623721293443
П-Але04085-352СвП;4623721293467
П-Але04105-352Св;4623721293474
П-Але04105-052Св;4623721293481
П-Влр02075-37СвЛ;4623721782541
П-Влр02075-37СвП;4623721782558
П-Влр02085-37СвЛ;4623721782565
П-Влр02085-37СвП;4623721782572
П-Влр04105-37Св;4623721782589
П-Кам02070--012СвЛ;4623721293498
П-Кам02070-012СвП;4623721293504
П-Кам02080-012Св;4623721293511
П-Мад03080-242;4623721293528
П-Мад03090-242;4623721293535
;
П-Але05035-352БкЛ;4623721293542
П-Але05035-352БкП;4623721293559
П-Але05035-052БкЛ;4623721293566
П-Але05035-052БкП;4623721293573
;
;
;
;
;
;
;
;
;
;
;
;
П-Влр05035-37БкП;4623721820380
П-Влр05035-37БкЛ;4623721820397
;
;
;
;
;
;
;
;
;
;
;
;
;
П-Але01055-3523Я;4623721293580
П-Але01055-0523Я;4623721293597
П-Але01055-352Пр;4623721293603
П-Але01055-052Пр;4623721293610
П-Але01065-352;4623721293627
П-Але01065-052;4623721293634
П-Але01075-352;4623721293641
П-Але01075-052;4623721293658
П-Але01085-352;4623721293665
П-Але01085-052;4623721293672
П-Але01105--352;4623721293689
П-Але01105-052;4623721293696
П-Влр01075-372Я;4623721782596
П-Влр01085-372Я;4623721782602
П-Влр01105-372Я;4623721782619
П-Кам01070-0122Я;4623721293702
П-Кам01080-0122Я;4623721293719
;4623721293726
;4623721293733
П-Мдг01080-2422Я;4623721293740
П-Мдг01090-2422Я;4623721293757
;4623722416957
;4623722416964
;4623722416971
;
;
;
;
;
;
;
;
;
;
;
;
П-Гра02060-011;4623721295058
П-Гра02070-011;4623721295065
П-Гра02080-011;4623721295072
П-Гра02090-011;4623721295089
П-Гра02100-011;4623721295096
П-Гра02105-011;4623722122117
П-Дай02085-011Св;4623721295102
П-Дай02085-021Св;4623721522567
;4623722264756
;4623722264763
;
Л-Шрм02080-581;4623721944253
Л-Шрм02105-581;4623721944260
;
П-Гра05035-0112ЯЛ;4623721295119
П-Гра05035-0112ЯП;4623721295126
;
;
;
;
;
;
П-Дай05040-011Л;4623721497230
П-Дай05040-011П;4623721497247
П-Дай05040-021Л;4623721725036
П-Дай05040-021П;4623721725043
;
;
;
;
Л-Шрм05035-5812ЯЛ;4623721945595
Л-Шрм05035-5812ЯП;4623721945601
;
;
;
;
П-Гра01060-011Пр;4623721295133
П-Гра01070-011Пр;4623721295140
П-Гра01080-011Пр;4623721295157
П-Гра01090-0112Я;4623721295164
П-Гра01100-0114Я;4623721295171
П-Гра01105-0114Я;4623722064455
П-Дай01085-011Пр;4623721295188
П-Дай01085-021Пр;4623721522574
;4623722264770
;4623722264787
;
Л-Шрм01080-5812Я;4623721943263
Л-Шрм01105-5812Я;4623721943270
;
П-Жас05035-061Л;4623722131652
П-Жас05035-071Л;4623721307997
П-Жас05035-071БкЛ;4623721308000
П-Жас05035-061П;4623721308093
П-Жас05031-031Л;4623721413858
П-Жас05031-031БкЛ;4623721307751
П-Жас05031-011Л;4623721307768
П-Жас05031-011БкЛ;4623721307775
П-Жас05031-141БкЛ;4623722364777
П-Жас05031-041Л;4623721307782
П-Жас05031-041БкЛ;4623721307799
П-Жас05031-071Л;4623722364784
П-Жас05031-021БкЛ;4623721307805
П-Жас05031-021Л;4623721461781
П-Жас05031-031БкП;4623721307812
П-Жас05031-031П;4623721413865
П-Жас05031-011П;4623721307836
П-Жас05031-011БкП;4623721307843
П-Жас05031-041П;4623722075543
П-Жас05031-041БкП;4623721307850
П-Жас05031-021П;4623721461774
П-Жас05031-021БкП;4623721307874
П-Жас05035-031Л;4623721307881
П-Жас05035-031БкЛ;4623721307898
П-Жас05035-011Л;4623721307904
П-Жас05035-011БкЛ;4623721307911
П-Жас05035-141Л;4623721307959
П-Жас05035-141БкЛ;4623721307966
П-Жас05035-041БкЛ;4623721307973
П-Жас05035-041Л;4623721307980
П-Жас05035-021БкЛ;4623721308017
П-Жас05035-021Л;4623721308024
П-Жас05035-031П;4623721308031
П-Жас05035-031БкП;4623721308048
П-Жас05035-011БкП;4623721308055
П-Жас05035-011П;4623721308062
П-Жас05035-061БкП;4623721308109
П-Жас05035-141П;4623721308116
П-Жас05035-141БкП;4623721308123
П-Жас05035-041БкП;4623721308130
П-Жас05035-041П;4623721308147
П-Жас05035-071БкП;4623721308154
П-Жас05035-071П;4623721308161
П-Жас05035-021БкП;4623721308178
П-Жас05035-021П;4623721308185
П-Жас05050-0112Я;4623721628917
П-Жас05060-011К2Я;4623721628924
;
;
Э-11150-012;4623721308550
Э-11150-37;4623721308567
Э-11150-052;4623721308574
Э-11150-042;4623721308581
Э-11150-022;4623721308598
Э-11170-012;4623721308604
Э-11170-37;4623721308611
Э-11170-052;4623721308628
Э-11170-042;4623721308635
Э-11170-122;4623721817311
Э-11170-022;4623721308642
Э-11180-012;4623721308659
Э-11180-042;4623721308666
Э-11180-022;4623721308673
Э-Жас11150-012;4623722142870
Э-Жас11150-042;4623721308680
Э-Жас11150-022;4623721308703
Э-Жас11170-052;4623721761171
Э-Жас11170-042;4623721308710
Э-Жас11170-022;4623721308734
;
Э-11150-031;4623721308741
Э-11150-011;4623721308758
Э-Дел11150-22;4623721308765
Э-Мнх11150-22;4623721308772
Э-11170-031;4623721308789
Э-11170-011;4623721308796
Э-Дел11170-22;4623721308802
Э-Мнх11170-22;4623721308819
Э-11170-021;4623721308826
Э-11180-031;4623721308833
Э-11180-011;4623721308840
Э-Жас11150-031;4623721308857
Э-Жас11150-011;4623721308864
Э-Жас11150-041;4623721308871
Э-Жас11150-021;4623721308888
Э-Жас11170-031;4623721308895
Э-Жас11170-011;4623721308901
Э-Жас11170-141;4623721817328
Э-Жас11170-071;4623721817335
Э-Жас11170-021;4623721308918
Э-Жас11180-011;2000062600017
Э-Жас11180-011;4623721308925
Э-Мис11150-061;4623721308932
Э-Мис11150-071;4623721308949
Э-Мис11170-061;4623721308956
Э-Мис11170-071;4623721308963
Э-11150-011Ку;4623721308970
;
Э-11170-011Ку;4623721308987
Э-11180-011Ку;4623721308994
;
;
П-Эль02080-011;4623722416988
П-Эль02090-011;4623722416995
П-Эль02100-011;4623722417008
;
;
;
;
;
;
;
П-Эль01080-011;4623722416957
П-Эль01090-011;4623722416964
П-Эль01100-011;4623722416971
;
;
;
;
;
Э-Аква04050-01СвЛ;4623722061881
Э-Аква04050-01СвП;4623722061898
Э-Аст04050-01СвЛ;4623721280481
Э-Аст04050-03СвЛ;4623721280498
Э-Аст04050-06СвЛ;4623721280511
Э-Аст04050-07СвЛ;4623721280528
Э-Аст04050-01СвП;4623721280535
Э-Аст04050-03СвУг;4623721280542
Э-Аст04050-06СвП;4623721280566
Э-Аст04050-07СвП;4623721280573
Э-Аст04055-01СвЛ;4623721280580
Э-Аст04055-01СвП;4623721280597
Э-Аст04060-01СвЛ;4623721280603
Э-Аст04060-03СвЛ;4623721280610
Э-Аст04060-10СвЛ;4623721280627
Э-Аст04060-06СвЛ;4623721280634
Э-Аст04060-07СвЛ;4623721280641
Э-Аст04060-01СвП;4623721280658
Э-Аст04060-03СвП;4623721280665
Э-Аст04060-06СвП;4623721280689
Э-Аст04060-07СвП;4623721280696
Э-Аст04080-01Св;4623721280702
Э-Вег04055-01СвЛ;4623721280719
Э-Вег04055-01СвП;4623721280726
;
Э-Маг02040-01Св;4623721280013
Э-Маг02050-01Св;4623721280020
Э-Маг04055-01СвЛ;4623721281037
Э-Маг04055-01СвП;4623721281044
Э-Маг04060-01Л;4623721281051
Э-Маг04060-01П;4623721281068
Э-Маг04060-01СвЛ;4623721281075
Э-Маг04060-01СвП;4623721281082
Э-Маг04065-01Л;4623721281099
Э-Маг04065-01П;4623721281105
Э-Маг04065-01СвЛ;4623721281112
Э-Маг04065-01СвП;4623721281129
;
Э-Брз02055-01СвЛ;4623721281136
Э-Брз02055-01СвП;4623721281143
Э-Кпр02055-01СвЛ;4623721281150
Э-Кпр02055-01СвП;4623721281167
Э-Кпр02060-01СвЛ;4623721281174
Э-Кпр02060-01СвП;4623721281181
Э-Крн02055-01СвЛ;4623721281198
Э-Крн02055-01СвП;4623721281204
Э-Крн02060-01СвЛ;4623721281211
Э-Крн02060-01СвП;4623721281228
Э-Лад02065-01СвЛ;4623721281235
Э-Лад02065-01СвП;4623721281242
Э-Лиа02055-01СвЛ;4623721281259
Э-Лиа02055-01СвП;4623721281266
Э-Лиа02060-01СвЛ;4623721281273
Э-Лиа02060-01СвП;4623721281280
Э-Лиа02065-01СвЛ;4623721281297
Э-Лиа02065-01СвП;4623721281303
Э-Лот02034-01СвУг;4623721281310
Э-Лун02055-01СвЛ;4623721281327
Э-Лун02055-01СвП;4623721281324
Э-Лун02060-01СвЛ;4623721281341
Э-Лун02060-01СвП;4623721281358
Э-Мим04050-01Сп;4623721281365
Э-Мим04050-01Сд;4623721281372
Э-Мим04075-01Сд;4623721281389
Э-Нар02055-01СвЛ;4623721281396
Э-Нар02055-01СвП;4623721281402
Э-Пио02065-01СвЛ;4623721281419
Э-Пио02065-01СвП;4623721281426
Э-Пио02075-01СвЛ;4623721281433
Э-Пио02075-01СвП;4623721281440
Э-Шар02060-01СвЛ;4623721281457
Э-Шар02060-01СвП;4623721281464
П-Эле02045-01СвУг;4623721281471
;
;
;
;
;
;
П-Ева01050-01Пр;4623721281488
П-Ева01055-01Пр;4623721281495
П-Ева01060-01Пр;4623721281501
;
;
Э-Мис02050-06СвЛ;4623721281518
Э-Мис02050-07СвЛ;4623721281525
Э-Мис02050-07СвП;4623721281532
Э-Мис02050-06СвП;4623721281549
Э-Мис02060-06СвЛ;4623721281556
Э-Мис02060-07СвЛ;4623721281563
Э-Мис02060-06СвП;4623721281570
Э-Мис02060-07СвП;4623721281587
;
;
;
;
;
;
Э-Мис01050-06;4623721281594
Э-Мис01050-07;4623721281600
Э-Мис01060-06;4623721281617
Э-Мис01060-07;4623721281624
;
;
Э-Сти02050-01СвЛ;4623721357428
Э-Сти02050-06СвЛ;4623721281631
Э-Сти02050-48СвЛ;4623721281648
Э-Сти02050-08СвЛ;4623721281655
Э-Сти02050-04СвЛ;4623721281662
Э-Сти02050-01СвП;4623721357435
Э-Сти02050-06СвП;4623721281679
Э-Сти02050-48СвП;4623721281686
Э-Сти02050-08СвП;4623721281693
Э-Сти02050-04СвП;4623721281709
Э-Сти02055-01СвЛ;4623721357497
Э-Сти02055-06СвЛ;4623721281716
Э-Сти02055-48СвЛ;4623721281723
Э-Сти02055-08СвЛ;4623721281730
Э-Сти02055-04СвЛ;4623721281747
Э-Сти02055-01СвП;4623721357503
Э-Сти02055-06СвП;4623721281754
Э-Сти02055-48СвП;4623721281761
Э-Сти02055-08СвП;4623721281778
Э-Сти02055-04СвП;4623721281785
Э-Сти02060-01СвЛ;4623721357510
Э-Сти02060-06СвЛ;4623721281792
Э-Сти02060-48СвЛ;4623721281808
Э-Сти02060-08СвЛ;4623721281815
Э-Сти02060-04СвЛ;4623721281822
Э-Сти02060-01СвП;4623721357527
Э-Сти02060-06СвП;4623721281839
Э-Сти02060-48СвП;4623721281846
Э-Сти02060-08СвП;4623721281853
Э-Сти02060-04СвП;4623721281860
;
Э-Сти05030-06СвЛ;4623721281877
Э-Сти05030-06СвП;4623721281884
Э-Сти05030-48СвЛ;4623721281891
Э-Сти05030-48СвП;4623721281907
Э-Сти05030-08СвЛ;4623721281914
Э-Сти05030-08СвП;4623721281921
Э-Сти05030-04СвП;4623721281938
Э-Сти05030-04СвЛ;4623721281945
;
;
;
;
;
;
;
;
;
;
;
;
;
;
;
;
;
;
;
;
;
;
;
;
;
;
Э-Сти01050-01Пр;4623721357442
Э-Сти01050-06Пр;4623721281952
Э-Сти01050-48Пр;4623721281969
Э-Сти01050-08Пр;4623721281976
Э-Сти01050-04Пр;4623721281983
Э-Сти01055-01Пр;4623721357459
Э-Сти01055-06Пр;4623721281990
Э-Сти01055-48Пр;4623721282003
Э-Сти01055-08Пр;4623721282010
Э-Сти01055-04Пр;4623721282027
Э-Сти01055-061Я;4623721282034
Э-Сти01055-481Я;4623721282041
Э-Сти01055-081Я;4623721282058
Э-Сти01055-041Я;4623721282065
Э-Сти01060-01Пр;4623721357480
Э-Сти01060-06Пр;4623721282072
Э-Сти01060-48Пр;4623721282089
Э-Сти01060-08Пр;4623721282096
Э-Сти01060-04Пр;4623721282102
Э-Сти01060-013Я;4623721373190
Э-Сти01060-063Я;4623721282119
Э-Сти01060-483Я;4623721282126
Э-Сти01060-083Я;4623721282133
Э-Сти01060-043Я;4623721282140
;
;
;
;
;
;
;
;
;
;
;
;
;
Э-Уют01050-03Пр;4623721282157
Э-Уют01050-06Пр;4623721282171
Э-Уют01050-07Пр;4623721282188
Э-Уют01050-10Ня;4623721282195
Э-Уют01050-06Ня;4623721282201
Э-Уют01050-07Ня;4623721282218
Э-Уют01060-03Пр;4623721282225
Э-Уют01060-06Пр;4623721282249
Э-Уют01060-07Пр;4623721282256
Э-Уют01060-061Я;4623721282270
Э-Уют01060-071Я;4623721282287
;
;
;
;
;
;
;
;
;
;
;
;
;
;
;
;
;
;
Э-Аква01050-011Я;4623722062673
Э-Аква01060-01Пр;4623722061966
Э-Аква01060-011Я;4623722062680
Э-Гре01060-01Пр;4623721282300
Э-Уют01045-01Пр;4623721282317
Э-Уют01050-01Пр;4623721282331
Э-Уют01050-011Я;4623721282348
Э-Уют01050-01Ня;4623721282355
Э-Уют01055-01Пр;4623721282362
Э-Уют01055-01ПрБ;4623721282379
Э-Уют01060-01Пр;4623721282386
Э-Уют01060-011Я;4623721282393
Э-Уют01060-012Я;4623721282409
Э-Уют01060-013Я;4623721282416
Э-Уют01060-01Ня;4623721282423
;
;
;
;
;
;
;
;
;
Э-Кла01050-01Пр;4623721282492
Э-Кла01055-01Пр;4623721282508
Э-Кла01055-011Я;4623721282515
Э-Кла01055-01Бк;4623721282522
Э-Кла01060-01Пр;4623721282539
Э-Кла01060-011Я;4623721282546
;
;
;
;
;
;
;
;
;
;
;
;
;
П-Акв01060-011Уг;4623722334503
Э-Вег01055-01Пр;4623721282775
Э-Лаг01065-01Бк;4623721282782
Э-Лаг01065-011Я;4623721282799
Э-Лаг01065-013Я;4623721282805
Э-Лаг01065-113Я;4623721282812
Э-Лот01040-01Уг;4623721282836
Э-Мал01035-01Уг;4623721282843
Э-Нор01057-011Я;4623721282867
Э-Нор01057-013Я;4623721282874
Э-Нор01057-01Ня;4623721282881
;
;
П-Мин04040-031;4623721283673
П-Мин04040-011;4623721283680
П-Мин04040-041;4623721421778
П-Мин04040-172;4623721283697
П-Мин04040-021;4623721339561
;
;
;
;
;
;
;
;
;
;
;
;
;
П-Мин04040-031По;4623721283703
П-Мин01040-011По;4623721283710
П-Мин01040-041По;4623721283727
П-Мин01040-172По;4623721283734
П-Мин01040-021По;4623721283741
Э-Сит01055-01По;4623721725050
Э-Сит01055-25По;4623721731389
Э-Сол01040-0112Д;4623721283758
Э-Сол01040-0111ДЛ;4623721283765
Э-Сол01040-0111ДП;4623721283772
П-Эле01045-011Уг;4623721283789
;
;
;
;
;
;
Э-Рио01065-681Пр;4623722114518
Э-Рио01085-681Пр;4623722114525
Э-Рио01105-681Пр;4623722114532
;
Э-05026-01НжЛ;4623721307492
Э-05026-01НжП;4623721307508
Э-05030-013ЯЛ;4623721307515
Э-05030-01ПлЛ;4623721307522
Э-05030-013ЯП;4623721307546
Э-05030-01ПлП;4623721307553
Э-05035-06БкЛ;4623721307560
Э-05035-07БкЛ;4623721307577
Э-05035-Бк011Л;4623721307584
Э-05035-06БкП;4623721307591
Э-05035-07БкП;4623721307607
Э-05035-01БкП;4623721307614
Э-Вол05040-01Нж;4623721307621
Э-Вол05040-11Нж;4623721307638
Э-05040-011Нж;4623721307645
Э-05050-011;4623721307652
Э-05060-01Бк;4623721307669
Э-Юли05-01ЗрУг;4623721307683
Э-Юли05-01ЗрКУг;4623721307690
Э-Мис05035-06БкЛ;4623721307706
Э-Мис05035-07БкЛ;4623721307713
Э-Мис05035-06БкП;4623721307720
Э-Мис05035-07БкП;4623721307737
;
Э-Люс07030-011Бк;4623721308192
Э-Люс07040-011Бк;4623721308208
Э-Люс07050-011Бк;4623721308215
Э-Люс07060-011Бк;4623721308222
Э-Люс07030-011Л;4623721308239
Э-Люс07030-011П;4623721308246
Э-Люс07040-011Л;4623721308253
Э-Люс07040-011П;4623721308260
Э-Люс07050-011;4623721308277
Э-Люс07060-011;4623721308284
П-Мрг07050-011;4623721308291
П-Мрг07060-011;4623721308307
П-Мрг07060-011Пл;4623722114402
;
Э-Гал08042-011ЗрЛ;4623721308314
Э-Гал08042-011ЗрП;4623721308321
Э-Лил08060-011Гр;4623721308338
Э-Лил08020-011Л;4623721308345
Э-Лил08020-011П;4623721308352
Э-Лил08030-011П;4623721308369
Э-Лил08030-011Л;4623721308376
Э-Лил08034-011Уг;4623721308383
Э-Лил08034-011ЗрУг;4623721308390
Э-Лил08040-011Л;4623721308406
Э-Лил08040-011П;4623721308413
Э-Лил08050-011;4623721308420
Э-Лил08050-0111Я;4623721308437
Э-Лил08060-011;4623721308444
Э-Лил08060-0111Я;4623721308451
П-Лор08040-011Л;4623721308468
П-Лор08040-011П;4623721308475
П-Лор08050-011;4623721308482
;4623721817298
П-Лор08060-012;4623721308499
П-Лор08060-011;4623721308505
П-Лор08060-0111Я;4623721308529
Э-Неп08050-011;4623721308536
Э-Неп08060-011;4623721308543
;
;
;
;
;
;
Э-Бал02050-011;4623721373091
Э-Бал02060-011;4623721373107
Э-Бал04060-011;4623721758980
Э-Бал04070-011;4623721373114
Э-Бал04080-011;4623721373121
Э-Бал04105-011;4623721412967
;
Э-Бал05035-011Л;4623721373176
Э-Бал05035-011П;4623721373183
;
;
;
;
;
;
Э-Бал11150-011;4623721405051
Э-Бал11170-011;4623721405068
;
Э-Лав05035-011Л;4623721412936
Э-Лав05035-011П;4623721412943
;
;
;
;
;
;
;
;
;
Э-Лав11150-011;4623721945878
Э-Лав11170-011;4623721945885
;
;
;
;
;
;
;
;
;
;
Э-Бал01060-011Пр;4623721373138
Э-Бал01070-011Пр;4623721373145
Э-Бал01075-011Пр;4623721623967
Э-Бал01080-011Пр;4623721373152
Э-Бал01080-011П1Я;4623721600555
Э-Бал01080-011П2Я;4623721600562
Э-Бал01105-011Пр;4623721412950
Э-Лав01050-011Пр;4623721412905
Э-Лав01060-011Пр;4623721412912
Э-Лав01070-011Пр;4623721375408
Э-Лав01070-0112Я;4623721596964
Э-Лав01075-011Пр;4623721628849
Э-Лав01075-0112Я;4623721624070
Э-Лав01080-011П1Я;4623721826078
Э-Лав01080-011П2Я;4623721826085
Э-Лав01080-011Пр;4623721624087
Э-Лав01080-0112Я;4623721375415
Э-Лав01105-011Пр;4623721412929
Э-Лав01105-0112Я;4623721534676
Э-Лдг01050-011Пр;4623721373169
Э-Лид01050-Пр;4623721734458
Э-Лид01060-Пр;4623721734472
Э-Лид01060-1Я;4623721734489
Э-Мнр01065-011П2Я;4623722056603
Э-Мнр01075-011П2Я;4623721623950
;
;
Э-Бра04050-19;4623721601927
Э-Бра04060-19;4623721598289
Э-Бра04070-19;4623721598296
Э-Бра04105-19;4623721598302
Э-Лда04050-19;4623721601910
Э-Лда04060-19;4623721598319
Э-Лда04070-19;4623721598326
Э-Лда04105-19;4623721598333
;
Э-Бра05030-19Л;4623721601378
Э-Бра05030-19П;4623721601385
;
;
;
;
Э-Лда05030-19Л;4623721601392
Э-Лда05030-19П;4623721601408
;
;
;
;
;
;
Э-Бра01050-19;4623721601354
Э-Бра01060-19;4623721598340
Э-Бра01070-19;4623721598357
Э-Бра01105-19;4623721598364
Э-Лда01050-19;4623721601361
Э-Лда01060-19;4623721598371
Э-Лда01070-19;4623721598388
Э-Лда01075-19;4623721624094
Э-Лда01105-19;4623721598395
;
;
;
;
;
;
;
;
;
;
;
;
;
;
;
;
;
Э-Кап01060-012Я;4623721624063
Э-Кап01060-01Пр;4623721624056
Э-Кап01060-01П2Я;4623721625121
Э-Кап01070-012Я;4623722056597
Э-Кап01070-01П2Я;4623722216113
Э-Кап01070-01Пр;4623722212382
Э-Лай01060-2Я;4623721726514
Э-Лай01070-2Я;4623721726521
Э-Фос01060-01Пр;4623722056610
Э-Фос01060-012Я;4623722389695
;4623722389688
Э-Фос01070-01Пр;4623721624032
Э-Фос01070-012Я;4623721624049
Э-Фос01070-01П2Я;4623721625152
;
;
Э-Прсж02060-013ЛЗлп;4623722126641
Э-Прсж02060-014ЛСбп;4623722126658
Э-Прсж02060-013ПЗлп;4623722126665
Э-Прсж02060-014ПСбп;4623722126672
Э-Прсж02070-013ЛЗлп;4623722126689
Э-Прсж02070-014ЛСбп;4623722126696
Э-Прсж02070-013ПЗлп;4623722126702
Э-Прсж02070-014ПСбп;4623722126719
Э-Прсж02080-013ЛЗлп;4623722126726
Э-Прсж02080-014ЛСбп;4623722126733
Э-Прсж02080-013ПЗлп;4623722126740
Э-Прсж02080-014ПСбп;4623722126757
Э-Прсж02105-013ЗЗлп;4623722126764
Э-Прсж02105-013ЗСбп;4623722126771
;
Э-Прсж05035-013Л;4623722221629
Э-Прсж05035-014Л;4623722221636
Э-Прсж05035-013П;4623722221643
Э-Прсж05035-014П;4623722221650
;
;
;
;
;
;
;
;
;
Э-Прсж01060-013ПрЗлп;4623722114495
Э-Прсж01060-014ПрСбп;4623722126795
Э-Прсж01070-013ПрЗлп;4623722126801
Э-Прсж01070-014ПрСбп;4623722126818
Э-Прсж01080-013ПрЗлп;4623722126825
Э-Прсж01080-014ПрСбп;4623722126832
Э-Прсж01105-013ПрЗлп;4623722126849
Э-Прсж01105-014ПрСбп;4623722126856
;
;
;
;
;
;
Р-Снд16080-101О;
;
;4623721517532
;4623721517549
;4623721517570
;4623721517556
;4623721517594
Р-Снд16100-101О;4623721517563
;
;4623721517648
;4623721517761
;4623721517778
;
;
;
;4623721517716
;4623721517693
;
;
;
;4623721517785
;2000056760017
;4623721517815
;2000768483129
;4623721517839
;4623721517853
;4623721517860
;4623721517877
;4623721457043
;
;
;2000768495757
;4623721517891
Р-Бав17100-1О;4623721517907
;4623721517914
;
Р-Бав18100-1О;4623721517938
;2000057160014
;4623721517945
;4623721517952
;4623721517969
;4623721517976
;4623721517983
;2000057560012
;
;
;
;
У-7001-105-Д;4623721536489
У-HCB1675-001;2000768498987
У-HCB1686-001;2000768498994
MLN-F60;4623721536526
MLN-F70;4623721536533
У-V5711-Л40;4623721536519
5142 100R1;4022693888983
5142 80R1;4022693904744
У-АYHQ-87661;4623721388118
У-АБел-91673;4623721388149
У-АYHQ-80482;4623721388156
У-АБел-80482;4623721388163
У-AYHQ-87792;4623721388170
У-AHG-83260;4623721388187
У-АHG-83260;4623721388194
У-AHG-83270;4623721388200
У-AHG-83280;4623721388217
У-АHG-832100;4623721388224
У-АХУ-83260;4623721388231
У-АXY-83270;4623721388248
У-АXY-83280;4623721388255
У-AXY-832100;4623721388262
У-А832-ИЛ60;4623721388279
У-А832-ИЛ70;4623721388286
У-А832-ИЛ90Ц;4623721388316
У-А832-100ИЛ;4623721388323
641594;4660018641594
196503;4620008196503
641785;4660018641785
028193;4607130028193
028209;4607130028209
192246;4620008192246
195476;4620008195476
191638;4620008191638
191645;4620008191645
192185;4620008192185
191669;4620008191669
192529;4620000149897
028230;4607130028230
191676;4620008191676
191683;4620008191683
194660;4620008194660
Р-Кам04445;4623721388330
Р-Кам04455;4623721388347
Р-Кам04465;4623721388354
Р-Кам04475;4623721388361
Р-Кам04485;4623721388378
Р-Яде13080-4801;3440890746928
Р-Яде13100-4801;3440890749370
Р-Яде13120-4801;3440890763345
Е4730-00;3440890689959
Р-Хит12090-4012;4623721388408
Р-Хит12100-4012;4623721388415
Р-Хит12091-4019;4623721388446
Р-Элс13060-4020СЛ;4623721388453
Р-Мнк13070-4020СЛ;4623721388460
Р-СЛ13080-4020;4623721388477
Р-CL11090-4020L;4623721388484
Р-CL11090-4020М;4623721388491
Р-Фло10080-4035;4623721388521
Р-CL10075-4047;4623721388538
К04-006;5907753223579
P-UM-COM40-1;5907753233332
P-UM-On50-1;5907720680220
P-UM-On60-1;5907720680237
S-UM-ERI70-1-w;4690311008978
S-UM-ERI80-1-w;4690311008985
4607104872326;4607104872326
4607104871169;4607104871169
4607104872319;4607104872319
4607104871206;4607104871206
T106001111;4607104872197
4607104872159;4607104872159
4607104872173;4607104872173
4620008198989;4620008198989
Домино 900;4640021060933
4620008199344;4620008199344
33273;4640021061268
446767;4620008198941
Вн Крв15.;4640021060926
4640021060957;4640021060957
00196345;4640021061152
00196344;4640021061091
334265;4620008197470
29849;4620008197357
29750;4620008197340
Вн Крв16;4640021060780
Вн Крв25;4640021061800
RP411147000;5906976545871
4620008192734;4620008190303
4620008192741;4620008192741
4620008192758;4620008192758
SC-119967;4620008192765
4620008192772;4620008192772
4620008192482;4620008192482
4607019632541;4607019632541
CLS80SLWB01;4630032681951
NXT90SLWB01;4630032681968
FST60SLWB01;4610018187127
FST80SLWB01;4610018187134
4607019634002;4607019634002
4607019637003;4607019637003
4607019637027;4607019637027
SL400801;4607019636860
4607019632145;4607019632145
IDL80SAWB01;2000768499007
55584899;4607019631353
1.WH11.0.186;4620000141310
1.WH11.0.225;4620000142379
1.WH11.0.228;4620000142362
1.WH11.0.174;4620000141426
30969;4620000149279
1WH109653;4620000141693
1WH110790;4620000141709
1WH110255;4620000141716
Р-Мис15345HG-Мон;4623721388545
Р-Мис15345XY-Мон;4623721388552
Р-Мис15345Бел-Мон;4623721388576
;
С-Гам100-ЛД;4623722218100
С-Гам100-ПД;4623722218094
Р-Кар14080-Д;4623721513848
Р-Кар14100-Д;4623721375422
Р-Евв14060-Д;4623721918681
Р-Евв14070-Д;4623721658273
Р-Евв14080-Д;4623721624353
Р-Евв14100-Д;4623721375439
Р-Евв14100-Д;4623722355959
Р-Мис14040-Лт;4623721513855
Р-Мис15051-Кв;4623721385988
Р-Мис14-Уг;4623721388736
Р-Мис14160;4623721388583
Р-Мис15062-Кг;4623721388613
Р-Мис14075;4623721388620
Р-Мис14085-Дн;4623721388651
Р-Мис14090;4623721388668
Р-Мис14100;4623721388705
Р-Мис14100-Дн;4623722040244
Р-Мис14105;4623721388712
Р-Мис14120;4623721388729
Р-Мис14105-HCB;4623721388743
Р-Ква14060-02;4623721388750
Р-Ква14060-01;4623721388767
Р-Ква14075-01;4623721388781
Р-Ква14090-01Л;4623721388798
Р-Ква14090-01П;4623721388804
Р-Ква14090-02;4623721388811
Р-Ква14090-01;4623721388828
Р-Ква14105-02;4623721388835
Р-Ква14105-01;4623721388842
Р-Куб14120-ДЛ;4623721824432
Р-Куб14120-ДП;4623721824449
Р-Мек14105-ДЛ;4623722022479
Р-Мек14105-ДП;4623722022486
Р-Флр14090-ДЛ;4623721375446
Р-Флр14090-ДП;4623721375453
Р-Мис14065-4019Д;4623721388859
Р-Мис14075-4019Д;4623721388866
Р-Мис14090-4019Д;4623721388873
Р-Мис14105-4019Д;4623721388880
Р-Мис14120-4019Д;4623721388897
Р-Атл14060-Д;4623721457050
Р-Вол14080-Д;4623721420641
Р-Стп14120-Д2Р;4623721375460
Р-Вик14110-Д;4623721575563
Р-Кор14070-Д;4623721576102
Р-Сит14055;4623721718670
Р-Ток14070-Д;2000768499014
T106601111;4607104871053
T106801111;4607104871077
4620008197364;4620008197234
Калипсо 700;4640021060797
4640021060940;4640021060940
4620008197920;4620008197920
31731;4640021060773
4620008197746;4620008197746
29305;4620008197159
1.WH11.0.246;4620000141358
1.WH20.7.776;4620000144618
1.WH50.1.524;4620000148258
1.WH11.0.256;4620000141303
